清理後評論內容,分詞結果
"巨蛋體育館不只是世界頂級的標準室內棒球場更是各項國際級藝文演出的殿堂其他各類大型活動包含專業或民生消費性展覽大型產品發表會演講企業活動等皆可以在此得到滿足

台北大巨蛋是國內首座四萬席大型室內體育館是國內可容納觀眾數最多的棒球場擁有符合世界棒壘球總會World Baseball Softball ConfederationWBSC棒球場硬體規範的最新棒球場更擁有新穎的人工草皮並有與國際接軌的球員後場空間配備完善的休息室與訓練空間等軟硬設施滿足任何大型棒球賽事需要

除了體育賽事外可容納1萬到4萬名觀眾觀賞各種不同類型的大型表演並有正對舞臺的包廂可供使用其中1萬人可採用劇場式舞台設計讓觀眾距離近視角佳適合音樂劇舞台劇演出而2到4萬人則可依不同演出型態採用中央舞臺遠端舞臺或近端舞臺等不同座位設計亦具有展演專用懸吊系統與電力系統可提供國內外各項大型娛樂表演演唱會音樂劇之需求

台北大巨蛋也是交通最便捷的大型展覽館球場層面積為約12950平方公尺預留給排水電源網路等管線約可容納600700個標準攤位供一般民生消費展覽或專業展覽使用同時地處交通樞紐串接兩大商圈位處捷運國父紀念館站與市政府站間民眾往來便捷園區共有超過2000個汽車停車位方便各項展覽觀眾交通需求","巨蛋 體育館 不只 是 世界 頂級 的 標準 室 內 棒球場 更 是 各 項 國際級 藝文 演出 的 殿堂 其他 各 類 大型 活動 包含 專業 或 民生 消費性 展覽 大型 產品 發表會 演講 企業 活動 等 皆 可以 在 此 得到 滿足 
 
 台北 大 巨蛋 是 國內 首 座 四萬 席 大型 室 內 體育館 是 國內 可 容納 觀眾數 最多 的 棒球場 擁有 符合 世界 棒壘球 總會 World  Baseball  S oftball   Confederation WBSC 棒球場 硬體 規範 的 最 新 棒球場 更 擁有 新穎 的 人工 草皮 並 有 與 國際 接軌 的 球員 後場 空間 配備 完善 的 休息室 與 訓練 空間 等 軟硬 設施 滿足 任何 大型 棒球 賽事 需要 
 
 除了 體育 賽事 外 可 容納 1萬 到 4萬 名 觀眾 觀賞 各 種 不同 類型 的 大型 表演 並 有 正 對 舞臺 的 包廂 可 供 使用 其中 1萬 人 可 採用 劇場式 舞台 設計 讓 觀眾 距離 近 視角 佳 適合 音樂劇 舞台劇 演出 而 2 到 4萬 人 則 可 依 不同 演出 型態 採用 中央 舞臺 遠端 舞臺 或 近端 舞臺 等 不同 座位 設計 亦 具有 展演 專用 懸吊 系統 與 電力 系統 可 提供 國內外 各 項 大型 娛樂 表演 演唱會 音樂劇 之 需求 
 
 台北 大 巨蛋 也 是 交通 最 便捷 的 大型 展覽館 球場層 面積 為 約 12950 平方公尺 預留 給 排水 電源 網路 等 管線 約 可 容納 600700 個 標準 攤位 供 一般 民生 消費 展覽 或 專業 展覽 使用 同時 地處 交通 樞紐 串接 兩 大 商圈 位處 捷運 國父 紀念館 站 與 市政府站 間 民眾 往來 便捷 園區 共有 超過 2000 個 汽車 停車位 方便 各 項 展覽 觀眾 交通 需求"
"台北市有這樣的公共設施我肯定
也應該評價5 顆星
放下政治立場放下為了反對而反對一個進步開放的社會一個經濟繁榮的城市市民確實值得擁有最好的多元生活環境
運動賽事演藝表演文藝展逛街購物飲食享受捷運交通都可以在這裡滿足需求
大巨蛋聯結松文創國父紀念館北市府商圈忠孝東路商圈也為台北市民來訪遊客增添不可言諭的喜悅樂趣
至於施工品質的瑕疵也可說是瑕不掩瑜逐步改善也非不可沒有必要無限上綱苛責
走遍世界各地台灣台北及其他城市仍然是心目中最棒的地方","台北市 有 這樣 的 公共 設施 我 肯定 
 也 應該 評價 5  顆 星 
 放下 政治 立場 放下 為了 反對 而 反對 一 個 進步 開放 的 社會 一 個 經濟 繁榮 的 城市 市民 確實 值得 擁有 最 好 的 多元 生活 環境 
 運動 賽事 演藝 表演 文藝展 逛街 購物 飲食 享受 捷運 交通 都 可以 在 這裡 滿足 需求 
 大 巨蛋 聯結 松文 創 國父 紀念館 北市府 商圈 忠孝東路 商圈 也 為 台北 市民 來訪 遊客 增添 不可 言諭 的 喜悅 樂趣 
 至於 施工 品質 的 瑕疵 也 可 說 是 瑕不掩瑜 逐步 改善 也 非 不 可 沒有 必要 無限 上綱 苛責 
 走遍 世界 各 地 台灣 台北 及 其他 城市 仍然 是 心目中 最 棒 的 地方"
"週六是七夕情人節我預購中華職棒的賽事門票比賽地點是我嚮往的夢幻場地臺北大巨蛋比賽當天我與內子搭乘捷運到國父紀念館站距離比賽時間尚有兩個小時卻見許多球迷已穿著支持球隊的球衣及加油道具入場我們從捷運站5號出口走出平面天空下著陽光小雨我拿著傘心裡煩躁卻想入場後不管外面颳風下雨都可順利看球賽又覺新鮮

我與內子沿著大巨蛋繞了大半圈大巨蛋的建築外觀頗新穎一樓有許多餐廳與餐酒館我們沿階梯走下樓跟隨座位區標示前行雖然球場內部相通但還是得依照座位區入場才行因為每區發送的紀念品不同當天是台鋼主場的心動時刻主題日本後熱區一般Ａ區之球迷收到台鋼雄鷹官方鷹援手燈隊徽款非常酷後來才知道比賽及活動時球場會輪流點亮各區的鷹援手燈包括燈光顏色的變化所以坐錯位置或拿錯手燈就會發生不一致的情形跟演唱會一樣

走進大巨蛋我與內子第一件事就是停佇在座位區後方看著端正的場地與美麗的草皮球場高挑的頂端是網格狀線條很有現代感外野中央有個超大的螢幕輪播著主場球隊資訊及相關合作企業的廣告此時球隊正進行打擊練習接著才發現我們的座位正是本壘區最後一排的正中央座位號是1314與七夕情人節的主題相互輝映我們沿著球場內部逛大巨蛋內部有許多的商店包括排到天荒地老的官方商品販售處以及飲食店小攤連鎖店等也有飲水機行動充借用機及贊助商的宣導站等

我們排隊玩了贊助商的宣導小遊戲獲得一個口罩便回座休息大巨蛋內冷氣很強幸好我們事先準備了薄外套此時球迷陸續入場比賽前半小時我們去買些餐點共食來看球的球迷普遍年輕也有親子同行破千元的內野票還是讓球迷趨之若鶩據當天官方資訊當天共有18710人入場但僅坐滿一樓的座位第二層僅開放本壘區一小部分之前新聞報導中信兄弟邀請韓星泫雅到大巨蛋演唱觀眾人數突破3萬人次非常驚人

當天比賽過程非常刺激選手賣力表現展現球技與敬業精神平時不看棒球的內子也很專注投入只有在比賽結束等聽演唱會的空檔她才耐不住睡意打了一盹我則看著活力四射的啦啦隊表演才20多位的啦啦隊員竟能成為帶動比賽氣氛的火車頭這是比賽的一部分缺一不可

因是主題日賽後還有歌手盧廣仲及陳華的精彩演出一張票兩種享受真是值回票價演唱會結束後我們走出大巨蛋看著地上濕淋淋的想必比賽時這地方下過雨嘴角揚起幸福的笑","週六 是 七夕 情人節 我 預購 中華 職棒 的 賽事 門票 比賽 地點 是 我 嚮往 的 夢幻 場地 臺北 大 巨蛋 比賽 當天 我 與 內子 搭乘 捷運 到 國父 紀念館站 距離 比賽 時間 尚 有 兩 個 小時 卻 見 許多 球迷 已 穿著 支持 球隊 的 球衣 及 加油 道具 入場 我們 從 捷運站 5號 出口 走出 平面 天空 下 著 陽光 小 雨 我 拿 著 傘 心 裡 煩躁 卻 想 入場 後 不管 外面 颳風 下雨 都 可 順利 看 球賽 又 覺 新鮮 
 
 我 與 內子 沿著 大 巨蛋 繞 了 大半 圈 大 巨蛋 的 建築 外觀 頗 新穎 一樓 有 許多 餐廳 與 餐酒館 我們 沿 階梯 走 下樓 跟隨 座位區 標示 前行 雖然 球場 內部 相通 但 還是 得 依照 座位區 入場 才 行 因為 每 區 發送 的 紀念品 不同 當天 是 台鋼 主場 的 心動 時刻 主題 日本 後熱區 一般 Ａ區 之 球迷 收到 台鋼 雄鷹 官方 鷹援 手燈 隊徽款 非常 酷 後來 才 知道 比賽 及 活動 時 球場 會 輪流 點亮 各 區 的 鷹 援手燈 包括 燈光 顏色 的 變化 所以 坐錯 位置 或 拿錯 手燈 就 會 發生 不 一致 的 情形 跟 演唱會 一樣 
 
 走進 大 巨蛋 我 與 內子 第一 件 事 就是 停佇 在 座位區 後方 看 著 端正 的 場地 與 美麗 的 草皮 球場 高挑 的 頂端 是 網格狀 線條 很 有 現代感 外野 中央 有 個 超大 的 螢幕 輪播 著 主場 球隊 資訊 及 相關 合作 企業 的 廣告 此時 球隊 正 進行 打擊 練習 接著 才 發現 我們 的 座位 正 是 本壘區 最後 一 排 的 正中央 座位號 是 1314 與 七夕 情人節 的 主題 相互 輝映 我們 沿著 球場 內部 逛 大 巨蛋 內部 有 許多 的 商店 包括 排到 天荒地老 的 官 方 商品 販售處 以及 飲食店 小攤 連鎖店 等 也 有 飲水機 行動 充借用機 及 贊助商 的 宣導站 等 
 
 我們 排隊 玩 了 贊助商 的 宣導 小 遊戲 獲得 一 個 口罩 便 回座 休息 大 巨蛋 內 冷氣 很 強 幸好 我們 事先 準備 了 薄 外套 此時 球迷 陸續 入場 比賽 前 半 小時 我們 去 買 些 餐點 共食 來 看 球 的 球迷 普遍 年輕 也 有 親子 同行 破 千 元 的 內野票 還是 讓 球迷 趨之若鶩 據 當天 官方 資訊 當天 共 有 18710 人 入場 但 僅 坐滿 一樓 的 座位 第二 層 僅 開放 本壘區 一 小 部分 之前 新聞 報導 中信 兄弟 邀請 韓星 泫雅 到 大 巨蛋 演唱 觀眾 人數 突破 3萬 人次 非常 驚人 
 
 當天 比賽 過程 非常 刺激 選手 賣力 表現 展現 球技 與 敬業 精神 平時 不 看 棒球 的 內子 也 很 專注 投入 只有 在 比賽 結束 等 聽 演唱會 的 空檔 她 才 耐 不 住 睡意 打 了 一 盹 我 則 看 著 活力 四射 的 啦啦隊 表演 才 20多 位 的 啦啦隊員 竟 能 成為 帶動 比賽 氣氛 的 火車頭 這 是 比賽 的 一 部分 缺一不可 
 
 因 是 主題日 賽 後 還 有 歌手 盧廣仲 及 陳華 的 精彩 演出 一 張 票 兩 種 享受 真是 值回票價 演唱會 結束 後 我們 走出 大 巨蛋 看 著 地 上 濕淋淋 的 想必 比賽 時 這 地方 下 過 雨 嘴角 揚起 幸福 的 笑"
從藍線國父紀念館館5號出口可抵大巨蛋入口當天1130921是周思齊引退賽很幸運的遇到了五月天加持湧入四萬人球迷坐在L2223區第二層三壘靠近界外視野還不錯室內空調也很舒適廁所也蠻多的五月天演出聲光效果很棒音響就弱弱的再來能下到B1的出入口有點少吃的也都在這東西也不便宜章魚燒要價150元但越走到邊邊的比較便宜變100元滷味150飲料60也貴難怪有些人會自己帶吃的然後商品販賣部也只有一間很多人在排隊明知道有那麼多人入場應該再多規劃販售空間和吃的真的很不方便看完北海道的es con field 的球場在軟硬體上巨蛋真的還有很大的進步空間螢幕真的太小了,從 藍線 國父 紀念館 館 5號 出口 可 抵 大巨蛋 入口 當天 1130921 是 周思齊 引退賽 很 幸運 的 遇到 了 五月 天 加持 湧入 四萬 人 球迷 坐 在 L2223區 第二 層 三壘 靠近 界外 視野 還 不錯 室 內 空調 也 很 舒適 廁所 也 蠻 多 的 五月天 演出 聲光 效果 很 棒 音響 就 弱弱 的 再 來 能 下到 B1 的 出入口 有點 少 吃 的 也 都 在 這 東西 也 不 便宜 章魚燒 要價 150 元 但 越 走到 邊邊 的 比較 便宜 變 100 元 滷味 150 飲料 60 也 貴 難怪 有 些 人 會 自己 帶 吃 的 然後 商品 販賣部 也 只有 一 間 很多 人 在 排隊 明知道 有 那麼多 人 入場 應該 再 多 規劃 販售 空間 和 吃 的 真的 很 不 方便 看完 北海道 的 es con  field  的 球場 在 軟硬體 上 巨蛋 真的 還 有 很 大 的 進步 空間 螢幕 真的 太 小 了
帶小朋友大巨蛋初體驗就是神嘟引退賽全場都站起來跳應援的的時候地板會震動高樓層應該是會更明顯空調很足夠體感很舒適據說高樓層還會冷廁所還算乾淨販售的飲食也很多樣還有看到壯觀的娃娃車停放區婦嬰室內也有可泡奶的飲水機設想得相當週到稱得上非常便利又舒服的觀賽場地當然最大的優點就是不用受天雨的影嚮場內的一切活動另外有些人提到的螢幕太小的問題相信未來很快會有機會能夠改善一下神嘟即便止步在149W未來應該也是難以超越的目標祝褔嘟嘟,帶 小朋友 大 巨蛋 初 體驗 就 是 神嘟 引退 賽 全 場 都 站起來 跳 應援 的 的 時候 地板 會 震動 高 樓層 應該 是 會 更 明顯 空調 很 足夠 體感 很 舒適 據說 高 樓層 還 會 冷 廁所 還 算 乾淨 販售 的 飲食 也 很 多樣 還 有 看到 壯觀 的 娃娃車 停放區 婦嬰室 內 也 有 可 泡 奶 的 飲水機 設想 得 相當 週到 稱得上 非常 便利 又 舒服 的 觀賽 場地 當然 最 大 的 優點 就 是 不用 受 天雨 的 影嚮 場 內 的 一切 活動 另外 有 些 人 提到 的 螢幕 太 小 的 問題 相信 未來 很 快 會 有 機會 能夠 改善 一下 神嘟 即便 止步 在 149W 未來 應該 也 是 難以 超越 的 目標 祝褔 嘟嘟
"台北大巨蛋的停車場從光復南路右轉進入很大的停車場有2000多個位子要找電梯很難可download Taipei Dom app它會幫你找到最近的電梯共有9個要先按那個電梯再按下方去這裡的圓圈圈
餐廳開了一些一樓及地下一樓都有很適合下雨天走走","台北 大 巨蛋 的 停車場 從 光復南路 右轉 進入 很 大 的 停車場 有 2000 多 個 位子 要 找 電梯 很 難 可 download  Taipei   Dom  app 它 會 幫 你 找到 最近 的 電梯 共有 9 個 要 先 按 那 個 電梯 再 按 下方 去 這裡 的 圓圈圈 
 餐廳 開 了 一些 一樓 及 地下 一樓 都 有 很 適合 下雨天 走走"
大巨蛋是看棒球的好地方室內看球真的很舒服交通也方便國父紀念館五號出口上來就到附近就是國父紀念館和松山文創園區202411目前旁邊的商場還沒開幕大巨蛋內的餐廳還在進駐中,大 巨蛋 是 看 棒球 的 好 地方 室 內 看 球 真的 很 舒服 交通 也 方便 國父 紀念館 五號 出口 上來 就 到 附近 就 是 國父 紀念館 和 松山 文創 園區 202411 目前 旁邊 的 商場 還 沒 開幕 大 巨蛋 內 的 餐廳 還 在 進駐 中
"台北大巨蛋 L2 206區 9排視野分享
舒服就是我對這裡最簡單的稱讚環境很新空調有冷吃的喝的這裡都有讓你看球賽也能享受美食今天看了韓國vs日本也感受到最原汁原味的韓式應援總之這裡真的是很棒的球場希望未來能有更多的一級賽事在這裡舉辦","台北 大 巨蛋  L2 206 區  9 排 視野 分享 
 舒服 就 是 我 對 這裡 最 簡單 的 稱讚 環境 很 新 空調 有 冷 吃 的 喝 的 這裡 都 有 讓 你 看 球賽 也 能 享受 美食 今天 看 了 韓國 vs 日本 也 感受到 最 原汁 原味 的 韓式 應援 總之 這裡 真的 是 很 棒 的 球場 希望 未來 能 有 更多 的 一 級 賽事 在 這裡 舉辦"
目前商場區入駐還沒完成非比賽時來會覺得整體冷冷清清交通很方便,目前 商場區 入駐 還 沒 完成 非 比賽 時 來 會 覺得 整體 冷冷清清 交通 很 方便
來大巨蛋看棒球環境很不錯尤其是夏天看棒球還有冷氣吹真的很棒目前販售食物的攤位還是稍稍不足有的還是要排隊等候但是可以帶外食進去還是事先買好這樣不用排隊廁所滿多的走完一圈發現有飲水機的下次可以帶空瓶去裝水音響設備不太好聽起來都嗡嗡的螢幕太小看起來很吃力,來 大 巨蛋 看 棒球 環境 很 不錯 尤其 是 夏天 看 棒球 還 有 冷氣 吹 真的 很 棒 目前 販售 食物 的 攤位 還是 稍稍 不足 有的 還是 要 排隊 等候 但是 可以 帶 外食 進去 還是 事先 買好 這樣 不用 排隊 廁所 滿多 的 走完 一 圈 發現 有 飲水機 的 下 次 可以 帶 空瓶 去 裝 水 音響 設備 不 太 好 聽起來 都 嗡嗡 的 螢幕 太 小 看起來 很 吃力
來探路從捷運站來很方便因為很早來許多商家都還沒開始到了營業時間應該會有很多人潮廁所沒衛生紙女廁單間內也沒有垃圾桶無法理解是所有的生理用品衛生紙不可溶於水的面紙一律丟到馬桶內嗎試想公共場所進出的人也多這應該很容易改善的問題,來 探 路 從 捷運站 來 很 方便 因為 很 早 來 許多 商家 都 還 沒 開始 到 了 營業 時間 應該 會 有 很多 人潮 廁所 沒 衛生紙 女廁 單 間 內 也 沒有 垃圾桶 無法 理解 是 所有 的 生理 用品 衛生紙 不可 溶 於 水 的 面紙 一律 丟到 馬桶 內 嗎 試想 公共 場所 進出 的 人 也 多 這 應該 很 容易 改善 的 問題
"35年過去了終於有大巨蛋能好好讓球迷們觀賞棒球比賽
場館內部多數硬體設施尚稱完善但對於動線標示需要再多點規劃由於目前尚未由球隊經營這點仍需由經營單位好好處理

球場位置交通便利搭乘捷運是最方便的不過週圍腹地較小同時大量人潮輸散時造成擁擠的現象場內人多的時候若搭手扶梯要注意前方若停住小心遭後方人員推擠

L4廁所乾淨L5座位在6排以上視野很棒希望未來調整後帶給球迷更好的看球環境

83 更新右外野L244看球經驗外野L2也許因不常開放的關係當日外野座位及地板佈滿落塵場地清潔應再加強看台區牆壁邊緣施工收尾沒有很仔細屋頂漏水等問題也就不足為奇
外野廁所數量比L4L5來得少在83兄弟出賽當天上男廁都得排隊","35 年 過去 了 終於 有 大 巨蛋 能 好好 讓 球迷 們 觀賞 棒球 比賽 
 場館 內部 多數 硬體 設施 尚 稱 完善 但 對於 動線 標示 需要 再 多點 規劃 由於 目前 尚未 由 球隊 經營 這 點 仍 需 由 經營 單位 好好 處理 

 球場 位置 交通 便利 搭乘 捷運 是 最 方便 的 不過 週圍 腹地 較 小 同時 大量 人潮 輸散 時 造成 擁擠 的 現象 場 內 人 多 的 時候 若 搭 手扶梯 要 注意 前方 若 停住 小心 遭 後方 人員 推擠 

L4 廁所 乾淨 L5 座位 在 6 排 以上 視野 很 棒 希望 未來 調整 後 帶給 球迷 更 好 的 看 球 環境 

83  更新 右外野 L244 看 球 經驗 外野 L2 也許 因 不 常 開放 的 關係 當日 外野 座位 及 地板 佈滿 落塵 場地 清潔 應 再 加強 看台區 牆壁 邊緣 施工 收尾 沒有 很 仔細 屋頂 漏水 等 問題 也 就 不足為奇 
 外野 廁所 數量 比 L4L5 來得 少 在 83 兄弟 出賽 當天 上 男廁 都 得 排隊"
"設施不錯夏天在室內吹冷氣看球賽真的很棒廁所很多也有定期清潔還不錯
缺點是場內餐點部分偏貴150元只有6顆章魚小丸子只有滿滿一球粉漿包一塊章魚沒有加蔬菜真的很雷","設施 不錯 夏天 在 室 內 吹 冷氣 看 球賽 真的 很 棒 廁所 很多 也 有 定期 清潔 還 不錯 
 缺點 是 場 內 餐點 部分 偏 貴 150 元 只有 6 顆 章魚 小 丸子 只有 滿滿 一 球 粉漿 包 一 塊 章魚 沒有 加 蔬菜 真的 很 雷"
從B 1進去有好幾個入口座位算是很舒服冷氣空調也很舒適在七月底可以不流汗看球賽真的蠻享受的外面的餐廳很多但是在總決賽時幾乎每家都客滿最好可以吃完飯再過來記得帶喜歡的零食跟飲料場內的食物跟飲料區都大排長龍或是賣完今天球賽看到張育成揮出一隻全壘打全場情緒高昂充滿正能量全場歡聲雷動啦啦隊從頭跳到尾觀眾也是娛樂效果滿點,從 B 1 進去 有 好幾 個 入口 座位 算是 很 舒服 冷氣 空調 也 很 舒適 在 七月 底 可以 不 流汗 看 球賽 真的 蠻 享受 的 外面 的 餐廳 很多 但是 在 總決賽 時 幾乎 每 家 都 客滿 最好 可以 吃完 飯 再 過來 記得 帶 喜歡 的 零食 跟 飲料場 內 的 食物 跟 飲料區 都 大排長龍 或是 賣完 今天 球賽 看到 張育成 揮出 一 隻 全壘打 全 場 情緒 高昂 充滿 正能量 全 場 歡聲 雷動 啦啦隊 從 頭 跳到 尾 觀眾 也 是 娛樂 效果 滿點
"特地來看周董引退賽來了兩天坐了不同樓層搭捷運來很方便很多出入口可以進出場

第一天坐L2內野結果上樓只有一座手扶梯能搭滿場真的排手扶梯就排了幾十分鐘最後手扶梯還壞掉只能走樓梯
但L2視野很好與B1相比座位的空間比較寬比較舒適只是屋頂會漏水剛好坐在漏水附近偶爾會被雨水滴到真的很無言

第二天坐B1從捷運出口的入口進場人群擠在同一處完全動不了走到117區走了快半小時如果有狀況的話真的很可怕

室內吹冷氣不怕下雨真的很舒服但問題這麼多短期間不會想再去了真的希望大巨蛋能改善的更好","特地 來 看 周董 引退賽 來 了 兩 天 坐 了 不同 樓層 搭 捷運 來 很 方便 很多 出入口 可以 進出場 
 
 第一 天 坐 L2 內野 結果 上樓 只有 一 座 手扶梯 能 搭 滿 場 真的 排 手扶梯 就 排 了 幾十 分鐘 最後 手扶梯 還 壞掉 只 能 走 樓梯 
 但 L2 視野 很 好 與 B1 相比 座位 的 空間 比較 寬 比較 舒適 只是 屋頂 會 漏水 剛好 坐 在 漏水 附近 偶爾 會 被 雨水 滴到 真的 很 無言 
 
 第二 天 坐 B1 從 捷運 出口 的 入口 進場 人群 擠 在 同 一 處 完全 動不了 走到 117 區 走 了 快 半 小時 如果 有 狀況 的話 真的 很 可怕 
 
 室 內 吹 冷氣 不 怕 下雨 真的 很 舒服 但 問題 這麼多 短期 間 不會 想 再 去 了 真的 希望 大 巨蛋 能 改善 的 更 好"
捷運國父紀念館5號出口就可以到大巨蛋嚕看球終於不用日曬雨淋了可以享受著舒服的觀賞球賽但是因為位置交錯問題所以熱區跟附近位置的高低差不會很多所以就保佑前面位置的人不要太高要不然還是會有阻擋些許視線加上冷氣超級強所以建議要帶薄外套或戴帽子因為我去10次以上8次重感冒球場內能選擇的食物還是不多但是大巨蛋一樓周邊陸續開了很不錯的用餐地點加上B2整層好像已經規劃美食街部分所以可以期待,捷運 國父 紀念館 5號 出口 就 可以 到 大巨蛋 嚕 看 球 終於 不用 日曬 雨 淋 了 可以 享受 著 舒服 的 觀賞 球賽 但是 因為 位置 交錯 問題 所以 熱區 跟 附近 位置 的 高低 差 不會 很多 所以 就 保佑 前面 位置 的 人 不要 太 高 要不然 還是 會 有 阻擋 些許 視線 加上 冷氣 超級 強 所以 建議 要 帶 薄 外套 或 戴 帽子 因為 我 去 10 次 以上 8 次 重感冒 球場 內 能 選擇 的 食物 還是 不 多 但是 大巨蛋 一樓 周邊 陸續 開 了 很 不錯 的 用餐 地點 加上 B2 整 層 好像 已經 規劃 美食街 部分 所以 可以 期待
臺北文化體育園區坐落於臺北市都心區與松山菸廠歷史古蹟區共同形塑了文化體育園區的樣貌園區占地共18公頃其中巨蛋所屬體育園區總占地面積約102公頃,臺北 文化 體育 園區 坐落 於 臺北市 都心區 與 松山 菸廠 歷史 古蹟 區 共同 形塑 了 文化 體育 園區 的 樣貌 園區 占地 共 18 公頃 其中 巨蛋 所屬 體育 園區 總 占地 面積 約 102 公頃
"第一次到大巨蛋看球有地下停車場搭捷運從五號出口就可以從進場了但是只能到外野為何不能設計直接進場到內野呢蠻奇怪的的設計到內野只能繞個半圈到後面才能進去
吃東西的地方基本上只有樓上的餐廳場內幾乎沒什麼賣吃的還有賣周邊商品的地方也很少希望之後可以改善廁所部分很乾淨座位部分身高180座起來不會拘束
蠻好的就是不用曬太陽看棒球了可以吹冷氣舒服的看比賽也算是一個福音啦","第一 次 到 大 巨蛋 看 球 有 地 下 停車場 搭 捷運 從 五號 出口 就 可以 從 進場 了 但是 只 能 到 外野 為何 不能 設計 直接 進場 到 內野 呢 蠻 奇怪 的 的 設計 到 內野 只 能 繞 個 半 圈 到 後面 才 能 進去 
 吃 東西 的 地方 基本 上 只有 樓上 的 餐廳 場 內 幾乎 沒 什麼 賣 吃 的 還 有 賣 周邊 商品 的 地方 也 很少 希望 之後 可以 改善 廁所 部分 很 乾淨 座位 部分 身高 180 座 起來 不會 拘束 
 蠻 好 的 就是 不用 曬太陽 看 棒球 了 可以 吹 冷氣 舒服 的 看 比賽 也 算是 一 個 福音 啦"
好像座位區會漏水真的不是很好感覺球場內的東西偏貴廁所很優質如果人多的話散場很恐怖球場是用來打球的希望演唱會還是少一點啦畢竟場地好像很容易壞,好像 座位區 會 漏水 真的 不 是 很 好 感覺 球場 內 的 東西 偏 貴 廁所 很 優質 如果 人 多 的話 散場 很 恐怖 球場 是 用來 打球 的 希望 演唱會 還是 少一點 啦 畢竟 場地 好像 很 容易 壞
"四萬名觀眾進場當天二樓冷氣夠涼甚至有點冷
食物建議提早買好開賽後再移動就浪費很多排隊時間散場後等個半小時再進捷運站就很通順剛散場時是蠻可怕","四萬 名 觀眾 進場 當天 二樓 冷氣 夠 涼 甚至 有點 冷 
 食物 建議 提早 買好 開賽 後 再 移動 就 浪費 很多 排隊 時間 散場 後 等 個 半 小時 再 進 捷運站 就 很 通順 剛 散場 時 是 蠻 可怕"
昨天台北下大雨 不用擔心天候因素 而取消比賽 但不知道是空調太冷導致噴水還是大雨導致坐位和室外的電梯都有漏水 問題要好好改善 不然花了這麼多錢 蓋了大巨蛋 稍微可惜 整體都還不錯身為象迷和五迷 帶給周思齊引退賽 謝謝五月天帶來這麼好的小小演唱會,昨天 台北 下 大雨   不用 擔心 天候 因素   而 取消 比賽   但 不 知道 是 空調 太 冷 導致 噴水 還是 大雨 導致 坐位 和 室 外 的 電梯 都 有 漏水   問題 要 好好 改善   不然 花 了 這麼多 錢   蓋 了 大 巨蛋   稍微 可惜   整體 都 還 不錯 身為 象迷 和 五迷   帶給 周思齊 引退賽   謝謝 五月 天 帶來 這麼 好 的 小小 演唱會
"一顆虛有其表的爛蛋ㄟ
1動線設計極差一進去手扶梯只有往下上去只能爬樓梯

2為了賺錢塞滿了位置走道弄得很狹窄擁擠

3硬體設備糟糕透頂音響品質慘不忍睹回音非常大聲音糊成一團我們5個人完全聽不清楚主持人和選手在說什麼甚至連國外歌手來也都自備音響還比大巨蛋的好很多看有多瞎

4子螢幕非常小球員的應援歌詞用肉眼完全看不到需要用手機放大快10倍才能知道寫什麼既然要蓋那麼大硬體設備也應該跟上啊有夠誇張

5座椅吃球問題很嚴重黑白相間部長那顆全壘打的球過去直接消失看不到

6場內的店鋪太少廁所卻多到處都是比例完全不合理

7國外的球場樓層通道都可以站人大巨蛋的不知道為啥就一直趕就坐很久想起來站一下也不行嗎

相比之下新莊棒球場的螢幕和音響設備都好多了
硬體設備問題很嚴重拜託大巨蛋改進","一 顆 虛有其表 的 爛 蛋 ㄟ
1 動線 設計 極 差 一 進去 手扶梯 只有 往 下 上去 只 能 爬 樓梯 

2 為了 賺錢 塞滿 了 位置 走道 弄得 很 狹窄 擁擠 

3 硬體 設備 糟糕 透頂 音響 品質 慘不忍睹 回音 非常 大 聲音 糊成 一 團 我們 5 個 人 完全 聽 不 清楚 主持人 和 選手 在 說 什麼 甚至 連 國外 歌手 來 也 都 自備 音響 還 比 大 巨蛋 的 好 很多 看 有 多 瞎 

4 子螢幕 非常 小 球員 的 應援 歌詞 用 肉眼 完全 看 不 到 需要 用 手機 放大 快 10 倍 才 能 知道 寫 什麼 既然 要 蓋 那麼 大 硬體 設備 也 應該 跟上 啊 有夠 誇張 

5 座椅 吃 球 問題 很 嚴重 黑白 相間 部長 那 顆 全壘打 的 球 過去 直接 消失 看 不 到 

6 場 內 的 店鋪 太少 廁所 卻 多 到處 都 是 比例 完全 不 合理 

7 國外 的 球場 樓層 通道 都 可以 站人 大 巨蛋 的 不 知道 為啥 就 一直 趕 就 坐 很 久 想起來 站 一下 也 不行 嗎 
 
 相比 之下 新莊 棒球場 的 螢幕 和 音響 設備 都 好 多 了 
 硬體 設備 問題 很 嚴重 拜託 大 巨蛋 改進"
"10月19 10月20中華職棒冠軍賽人數有三到四萬人退場的時候往捷運站方向由B2連結到捷運站
人比較多建議可以走在外圍1樓直接往國父紀念館方向有電梯下到捷運站
販賣的小吃多在B1內野看台的上面
這兩天提供的餐點都算充足也有飲水機
因為是週末很多餐廳都已開幕生意也很好
1樓的全家大巨蛋店大排長龍建議可在周圍便利店購買","10月 19  10月 20 中華 職棒 冠軍賽 人數 有 三 到 四萬 人 退場 的 時候 往 捷運站 方向 由 B2 連結 到 捷運站 
 人 比較 多 建議 可以 走 在 外圍 1樓 直接 往 國父 紀念館 方向 有 電梯 下到 捷運站 
 販賣 的 小吃 多 在 B1 內野 看台 的 上面 
 這 兩 天 提供 的 餐點 都 算 充足 也 有 飲水機 
 因為 是 週末 很多 餐廳 都 已 開幕 生意 也 很 好 
 1樓 的 全家 大 巨蛋店 大排長龍 建議 可 在 周圍 便利店 購買"
"冷氣滿強的室內運動場不受天氣干擾場內外有不少好吃的選擇可以企業包區也有很多不同種門票還不錯
座位區門禁管制嚴格沒有票或是手環工作人員不會給你跨區入座
假如有類似國外那種到座位區賣現擠生啤酒跟零食就更棒了","冷氣 滿 強 的 室 內 運動場 不 受 天氣 干擾 場 內外 有 不少 好吃 的 選擇 可以 企業 包區 也 有 很多 不 同 種 門票 還 不錯 
 座位區 門禁 管制 嚴格 沒有 票 或是 手環 工作 人員 不會 給 你 跨 區 入座 
 假如 有 類似 國外 那 種 到 座位區 賣 現 擠 生啤酒 跟 零食 就 更 棒 了"
"台灣最厲害的棒球場

台灣這種炎熱的天氣可以吹著冷氣看球是一大幸福
場地可容納三萬以上的人
屢屢創下職棒觀看人數的紀錄
希望台灣的棒球環境能夠因這座巨大更成長一層
整個球場的外環走道是一整圈的
從內野一路連通至外野
出入口有分很多區
動線上還有一些進步空間
上下手扶梯只有一個稍嫌擁擠
餐飲櫃位沒有太多選擇
座位還算舒適也設有飲料杯架
期待中職聯盟能夠多在此舉辦更多比賽
也期許其他地區也能蓋出高水準的巨蛋
讓我們的棒球更上一層
加油","台灣 最 厲害 的 棒球場 
 
 台灣 這 種 炎熱 的 天氣 可以 吹 著 冷氣 看 球 是 一 大 幸福 
 場地 可 容納 三萬 以上 的 人 
 屢屢 創下 職棒 觀看 人數 的 紀錄 
 希望 台灣 的 棒球 環境 能夠 因 這 座 巨大 更 成長 一 層 
 整 個 球場 的 外環 走道 是 一 整 圈 的 
 從 內野 一路 連通 至 外野 
 出入口 有 分 很多 區 
 動線 上 還 有 一些 進步 空間 
 上下手 扶梯 只 有 一 個 稍嫌 擁擠 
 餐飲 櫃位 沒有 太多 選擇 
 座位 還 算 舒適 也 設有 飲料 杯架 
 期待 中職聯盟 能夠 多 在 此 舉辦 更多 比賽 
 也 期許 其他 地區 也 能 蓋出 高水準 的 巨蛋 
 讓 我們 的 棒球 更 上 一 層 
 加油"
"大巨蛋富邦球迷來了國防部長張育成今日開轟帥氣新洋投藍力大殺四方MVP舞跳得不錯現場有啤酒喝又有賽後八三夭演唱會可以看還有髮香區李雅英辣妹臉蛋身材好顏值高三振舞人生苦短跟著應援曲唱一唱跳一跳度過愉快的週末

今天富邦贏球證明我沒有帶賽我有主場優勢

富邦賽後演唱會真的超讚請來八三夭樂團演出音響配備投影燈及噴火噴霧一絕值回票價","大巨蛋 富邦 球迷 來 了 國防部長 張育成 今日 開轟 帥氣 新 洋投 藍力 大 殺 四方 MVP 舞 跳 得 不錯 現場 有 啤酒 喝 又 有 賽 後 八三夭 演唱會 可以 看 還 有 髮香區 李雅英 辣妹 臉蛋 身材 好 顏值 高 三振舞 人生 苦 短 跟著 應援曲 唱 一 唱 跳 一 跳 度過 愉快 的 週末 
 
 今天 富邦 贏 球 證明 我 沒有 帶 賽 我 有 主場 優勢 
 
 富邦 賽 後 演唱會 真的 超讚 請來 八三夭 樂團 演出 音響 配備 投影燈 及 噴火 噴霧 一絕 值回票價"
"台北大巨蛋觀賽體驗
台北大巨蛋優於新莊棒球場優於桃園棒球場優於台中洲際棒球場
搭捷運到國父紀念館站走5號出口就會看到棒球元素的圖像指標5號出口大概是球場的左外野區域走出站口後沿右側走可看到一樓的餐飲店陸續開幕
到達正門口內野區要在走樓梯下樓到B1有設置手扶梯電梯給行動不便者使用台北大巨蛋的內野等於是向下挖的架構平面的1樓入口就是大巨蛋場內2樓的位置
一進門就能感受到冷氣空調的強大待久還會覺得冷走道寬敞館內佈置餐飲店有炸雞披薩手搖杯便利超商但便利小超商只會販售幾樣的熱門商品
廁所算乾淨但空間不大超過10人就需排隊
現場有很多的工作人員可以詢問服務
位置區域都有編號標示很好找
座位的位置寬敞腳不會踢到前排座椅
有人要走過只需腳內縮一下就能通過
不會像在電影院般的還要起身讓過
杯架設在前排座位的背後右手邊
一開賽大螢幕會先播放逃生路口
今天坐內野區本壘正後方
真的感覺像在電影院吹著冷氣
欣賞好看的又懷念的龍象大戰","台北 大 巨蛋 觀賽 體驗 
 台北 大 巨蛋 優於 新莊 棒球場 優於 桃園 棒球場 優於 台中 洲際 棒球場 
 搭 捷運 到 國父 紀念館站 走 5號 出口 就 會 看到 棒球 元素 的 圖像 指標 5號 出口 大概 是 球場 的 左外野 區域 走出 站口 後 沿 右側 走 可 看到 一樓 的 餐飲店 陸續 開幕 
 到達 正門口 內野區 要 在 走 樓梯 下樓 到 B1 有 設置 手扶梯 電梯 給 行動 不便 者 使用 台北 大 巨蛋 的 內野 等於是 向 下 挖 的 架構 平面 的 1樓 入口 就 是 大 巨蛋 場 內 2樓 的 位置 
 一 進 門 就 能 感受到 冷氣 空調 的 強大 待 久 還 會 覺得 冷 走道 寬敞 館 內 佈置 餐飲店 有 炸雞 披薩 手搖杯 便利 超商 但 便利 小 超商 只 會 販售 幾 樣 的 熱門 商品 
 廁所 算 乾淨 但 空間 不 大 超過 10 人 就 需 排隊 
 現場 有 很多 的 工作 人員 可以 詢問 服務 
 位置 區域 都 有 編號 標示 很 好 找 
 座位 的 位置 寬敞 腳 不會 踢到 前 排 座椅 
 有 人 要 走過 只 需 腳 內 縮 一 下 就 能 通過 
 不會 像 在 電影院 般 的 還要 起身 讓 過 
 杯架設 在 前 排 座位 的 背後 右手 邊 
 一 開賽 大 螢幕 會 先 播放 逃生 路口 
 今天 坐 內野區 本壘 正後方 
 真的 感覺 像 在 電影院 吹 著 冷氣 
 欣賞 好看 的 又 懷念 的 龍象 大戰"
"台北大巨蛋位在捷運國父紀念館站與捷運站有一個連通道非常方便並且有明確指示大巨蛋的方向不用擔心迷路

優點
1場內有冷氣溫度還算舒服可以一邊看棒球一邊吹冷氣真的很不錯
2內野體感還不錯可以很清楚看到整個球場

缺點
1大螢幕看板太小加上棒球資訊很複雜螢幕上的字看的很吃力
2動線太爛電扶梯在中間上下各只有一台太家都在擠電扶梯然而樓梯左右各一個然後還沒辦法通到B1一樓大廳還很小整個設計很沒考慮到意外發生疏散人潮的樣子","台北 大 巨蛋 位在 捷運 國父 紀念館站 與 捷運站 有 一 個 連 通道 非常 方便 並且 有 明確 指示 大 巨蛋 的 方向 不用 擔心 迷路 

 優點 
1 場 內 有 冷氣 溫度 還 算 舒服 可以 一邊 看 棒球 一邊 吹 冷氣 真的 很 不錯 
2 內野 體感 還 不錯 可以 很 清楚 看到 整 個 球場 

 缺點 
1 大 螢幕 看板 太 小 加上 棒球 資訊 很 複雜 螢幕 上 的 字 看 的 很 吃力 
2 動線 太 爛 電扶梯 在 中間 上下 各 只有 一 台 太家 都 在 擠 電扶梯 然而 樓梯 左右 各 一 個 然後 還 沒辦法 通到 B1 一樓 大廳 還 很 小 整 個 設計 很 沒 考慮到 意外 發生 疏散 人潮 的 樣子"
人生第一次看棒球比賽能夠踏入大巨蛋現場這裡的冷氣和整體裝潢都不錯雖然我也沒有別的球場可以比較但是大巨蛋給我感覺很不錯我已經走了二圈呢這是一個很好的走路場所原諒我棒球沒有什麼很注意看就是在健走運動一直在球場各個角度觀看其實每個地方看比賽還真的很開心,人生 第一 次 看 棒球 比賽 能夠 踏入 大 巨蛋 現場 這裡 的 冷氣 和 整體 裝潢 都 不錯 雖然 我 也 沒有 別的 球場 可以 比較 但是 大 巨蛋 給 我 感覺 很 不錯 我 已經 走 了 二 圈 呢 這 是 一 個 很 好 的 走路 場所 原諒 我 棒球 沒有 什麼 很 注意 看 就是 在 健走 運動 一直 在 球場 各 個 角度 觀看 其實 每 個 地方 看 比賽 還 真的 很 開心
"大巨蛋整體建築很美
地下美食街入口有點遠
一樓餐廳看起來都很高級
期待下次去看球賽","大 巨蛋 整體 建築 很 美 
 地下 美食街 入口 有點 遠 
 一樓 餐廳 看起來 都 很 高級 
 期待 下 次 去 看 球賽"
有大巨蛋真好在暴雨的這天還可以好好的看個球賽4萬人雖然很多但是整體動線還算流暢裡面廁所也很多有機會一定會再來,有 大 巨蛋 真 好 在 暴雨 的 這 天 還可以 好好 的 看 個 球賽 4萬 人 雖然 很多 但是 整體 動線 還 算 流暢 裡面 廁所 也 很多 有 機會 一定 會 再 來
"第一次來到大巨蛋看球
視野超級爽
可能是我都買B1位置
而且還可以跟球星有近距離互動
最近若是主場在大巨蛋的球隊
幾乎都會請明星藝人來表演
看得超級爽
至從富邦開啟了頂級音響
其他球隊也陸續跟進
再來
就是地點方便
在國父紀念館站出來就是
目前週邊食物也有陸續增加
最後一個優勢
對於小資族
若有搭乘捷運來小巨蛋
要找一個
捷運減免的機器
可以退還搭捷運的錢","第一 次 來到 大巨蛋 看 球 
 視野 超級 爽 
 可能 是 我 都 買 B1 位置 
 而且 還可以 跟 球星 有 近距離 互動 
 最近 若是 主場 在 大巨蛋 的 球隊 
 幾乎 都 會 請 明星 藝人 來 表演 
 看 得 超級 爽 
 至 從 富邦 開啟 了 頂級 音響 
 其他 球隊 也 陸續 跟進 
 再來 
 就是 地點 方便 
 在 國父 紀念館 站 出來 就是 
 目前 週邊 食物 也 有 陸續 增加 
 最後 一 個 優勢 
 對於 小資族 
 若 有 搭乘 捷運 來 小巨蛋 
 要 找 一 個 
 捷運 減免 的 機器 
 可以 退還 搭 捷運 的 錢"
"20247初訪分享
大雨天能在大巨蛋看球賽實在太開心了
回想過去多少因雨暫停的比賽
舒服地坐在室內座位上已無比滿足
本次臨時購票只能在遙遠的樓上
連轉播螢幕都覺得小啊
有機會下次要坐在一樓內野
餐飲選擇雖然有限但價格合理
店家也會推著食物和飲料到不同的走道
洗手間非常乾淨
值得球迷們多多進場","20247 初訪 分享 
 大雨天 能 在 大巨蛋 看 球賽 實在 太 開心 了 
 回想 過去 多少 因 雨 暫停 的 比賽 
 舒服 地 坐 在 室 內 座位 上 已 無比 滿足 
 本 次 臨時 購 票 只 能 在 遙遠 的 樓上 
 連 轉播 螢幕 都 覺得 小 啊 
 有 機會 下 次 要 坐 在 一樓 內野 
 餐飲 選擇 雖然 有限 但 價格 合理 
 店家 也 會 推 著 食物 和 飲料 到 不同 的 走道 
 洗手間 非常 乾淨 
 值得 球迷 們 多多 進場"
"第一次去大巨蛋我們座位在L2 204區以下是個人感想與意見

優點
整體來說大部分感覺都很好空調舒適對夏天看球賽來說是一大福音
走道和動線也都還不錯球賽結束後離場動線算順暢不會水洩不通83進場人數最高
女廁雖然排隊排很長但不會等太久每個洗手台都有一罐洗手乳這點很棒

缺點
音響有最大的進步空間在現場可能只有應援區聽得清楚主持人說話204區是偏旁邊的內野座位區完全聽不清楚主持人在講什麼回音很重聲音都是糊的一直到最後的演唱會有另外架設喇叭才好很多
座位前後排間距有點窄中途想上廁所只能側身慢慢跟人家借過走出去
吃的東西沒有很多餐廳也很少建議進場前先買好吃的
販賣部人潮多到爆會排到懷疑人生若想購買兄弟周邊商品建議先上網購買
入口只有一個從捷運站出來還要繞大半圈才到入口處","第一 次 去 大 巨蛋 我們 座位 在 L2 204區 以下 是 個人 感想 與 意見 
 
 優點 
 整體 來 說 大部分 感覺 都 很 好 空調 舒適 對 夏天 看 球賽 來 說 是 一 大 福音 
 走道 和 動線 也 都 還 不錯 球賽 結束 後 離場 動線 算 順暢 不會 水洩不通 83 進場 人數 最 高 
 女廁 雖然 排隊 排 很 長 但 不會 等 太 久 每 個 洗手台 都 有 一 罐 洗手乳 這 點 很 棒 
 
 缺點 
 音響 有 最 大 的 進步 空間 在 現場 可能 只有 應援區 聽 得 清楚 主持人 說話 204 區 是 偏 旁邊 的 內野 座位區 完全 聽 不 清楚 主持人 在 講 什麼 回音 很 重 聲音 都 是 糊 的 一直 到 最後 的 演唱會 有 另外 架設 喇叭 才 好 很多 
 座位 前後 排 間距 有點 窄 中途 想 上 廁所 只 能 側身 慢慢 跟 人家 借 過 走出去 
 吃 的 東西 沒有 很多 餐廳 也 很少 建議 進場 前 先 買 好吃 的 
 販賣部 人潮 多 到 爆 會 排到 懷疑 人生 若 想 購買 兄弟 周邊 商品 建議 先 上網 購買 
 入口 只 有 一 個 從 捷運站 出來 還要 繞 大半 圈 才 到 入口處"
"夏天可以吹冷氣看棒球就是爽
搭捷運去看棒球最方便了省時又安全還不用煩惱停車問題
我覺得坐在樓上更好界外球比較多可以接之外視野更開闊
可以拍照的地方實在太多太好拍了","夏天 可以 吹 冷氣 看 棒球 就是 爽 
 搭 捷運 去 看 棒球 最 方便 了 省時 又 安全 還 不用 煩惱 停車 問題 
 我 覺得 坐 在 樓上 更 好 界外球 比較 多 可以 接 之外 視野 更 開闊 
 可以 拍照 的 地方 實在 太多 太 好 拍 了"
"有幸參與到周思齊的引退
當天真的留下了非常美好的回憶
大巨蛋外野的位置還蠻舒適的
廁所動線什麼的也都很不錯
燈光也不至於太過刺眼
會願意進來大巨蛋看球賽或演唱會","有幸 參與 到 周思齊 的 引退 
 當天 真的 留下 了 非常 美好 的 回憶 
 大 巨蛋 外野 的 位置 還 蠻 舒適 的 
 廁所 動線 什麼 的 也 都 很 不錯 
 燈光 也 不至於 太過 刺眼 
 會 願意 進來 大 巨蛋 看 球賽 或 演唱會"
第一次開箱大巨蛋也是第一次現場看中華職棒在這兒看球賽很享受不用擔心天氣過熱或是下雨整體來說都很棒下次還會再進大巨蛋看球賽,第一 次 開箱 大 巨蛋 也 是 第一 次 現場 看 中華 職棒 在 這兒 看 球賽 很 享受 不用 擔心 天氣 過 熱 或是 下雨 整體 來 說 都 很 棒 下 次 還 會 再 進 大 巨蛋 看 球賽
佔地廣大每次舉辦球賽都人滿為患熱鬧非凡但附設的餐廳地下街百貨賣場影城尚在陸續完工中或是尚未開業若是想來逛街購物等百貨正式開幕後再來即可,佔地 廣大 每 次 舉辦 球賽 都 人滿為患 熱鬧 非凡 但 附設 的 餐廳 地下街 百貨 賣場 影城 尚 在 陸續 完工 中 或是 尚未 開業 若是 想 來 逛街 購物 等 百貨 正式 開幕 後 再 來 即可
"WOW Fabulous 超時尚超新穎超現代化大巨蛋

室內空間有空調很舒適
只是這麼大的空間空調營造出這舒適溫度非常感恩

廁所很新穎乾淨
隨著人潮進進出出維持相當水準不容易

見識高速攝影機判斷01秒些許誤差
讚嘆科技力量
假以時日搭配AI輔助判斷那更是驚為天人

交通便利 停車場捷運公共汽車Youbike滿足各族群需求

期待一步步完善愈來愈多廠商進駐有更多外國朋友參觀提昇國際知名度共生共榮
打造完善棒球生態系成為世界頂級球場之一

期待大巨蛋獲得國際性建築獎

台灣之光台灣加油","WOW  Fabulous   超時尚 超 新穎 超現代化 大 巨蛋 
 
 室 內 空間 有 空調 很 舒適 
 只是 這麼 大 的 空間 空調 營造出 這 舒適 溫度 非常 感恩 
 
 廁所 很 新穎 乾淨 
 隨著 人潮 進進出出 維持 相當 水準 不 容易 
 
 見識 高速 攝影機 判斷 01 秒 些許 誤差 
 讚嘆 科技 力量 
 假以時日 搭配 AI 輔助 判斷 那 更 是 驚為天人 
 
 交通 便利   停車場 捷運 公共汽車 Youbike 滿足 各 族群 需求 
 
 期待 一步步 完善 愈來愈 多 廠商 進駐 有 更多 外國 朋友 參觀 提昇 國際 知名度 共生 共榮 
 打造 完善 棒球 生態系 成為 世界 頂級 球場 之 一 
 
 期待 大 巨蛋 獲得 國際性 建築獎 
 
 台灣 之 光 台灣 加油"
"整體環境8分10分

1 動線規劃清楚
2 旁邊停車位齊全
3 很多店面還在籌備當中但表示都很清楚
4 充滿個性特色的建築環境清幽位於市中心之外附近很多景點和活動可以一起完成旅遊目的","整體 環境 8 分 10 分 

1  動線 規劃 清楚 
2  旁邊 停車位 齊全 
3  很多 店面 還 在 籌備 當中 但 表示 都 很 清楚 
4  充滿 個性 特色 的 建築 環境 清幽 位於 市中心 之外 附近 很多 景點 和 活動 可以 一起 完成 旅遊 目的"
"冷氣很強
視野非常好
廁所很多
螢幕夠大
B1動線較擁擠
食物的攤販價格偏高建議外面先買好再進場

整體來說是個很不錯的場地
也希望這座巨蛋能夠越來越好

2024720明星賽","冷氣 很 強 
 視野 非常 好 
 廁所 很多 
 螢幕 夠 大 
B1 動線 較 擁擠 
 食物 的 攤販 價格 偏 高 建議 外面 先 買好 再 進場 
 
 整體 來 說 是 個 很 不錯 的 場地 
 也 希望 這 座 巨蛋 能夠 越來越 好 

2024720 明星賽"
今年已經進場兩次了L1B1都座過冷氣都很冷能風雨無阻的看棒球賽真的是蠻幸福的o_O,今年 已經 進場 兩 次 了 L1B1 都 座 過 冷氣 都 很 冷 能 風雨無阻 的 看 棒球賽 真的 是 蠻 幸福 的 o_O
第一次到大巨蛋參加國慶晚會場面很壯觀場地很大指引較不足 最好讓大家能就近找到入口才不會繞來繞去,第一 次 到 大 巨蛋 參加 國慶 晚會 場面 很 壯觀 場地 很 大 指引 較 不足   最好 讓 大家 能 就近 找到 入口 才 不會 繞來繞去
從捷運站就看到動線指示動線規劃設計清楚值得肯定大巨蛋人潮眾多步道寬度夠不會擁塞人流流動順廣播清楚冷氣足在這裡看球賽很舒服,從 捷運站 就 看到 動線 指示 動線 規劃 設計 清楚 值得 肯定 大 巨蛋 人潮 眾多 步道 寬度 夠 不會 擁塞 人流 流動 順 廣播 清楚 冷氣 足 在 這裡 看 球賽 很 舒服
冷氣強要帶外套館內標示清楚洗手間夠應付多人使用用餐有多種選擇棒球後的演唱可惜音響效果不好,冷氣 強 要 帶 外套 館 內 標示 清楚 洗手間 夠 應付 多 人 使用 用餐 有 多 種 選擇 棒球 後 的 演唱 可惜 音響 效果 不 好
如果不想太悶熱建議坐2樓冷氣蠻涼的邊喝9看球賽蠻chill的很幸運這次演出嘉賓是告五人,如果 不 想 太 悶熱 建議 坐 2樓 冷氣 蠻 涼 的 邊 喝 9 看 球賽 蠻 chill 的 很 幸運 這 次 演出 嘉賓 是 告 五 人
"1這輩子一定要去一次大巨蛋看比賽
2有捷運
3散場時不算擁擠
4冷氣爆冷","1 這 輩子 一定 要 去 一 次 大 巨蛋 看 比賽 
2 有 捷運 
3 散場 時 不 算 擁擠 
4 冷氣 爆冷"
"真的很值得來大巨蛋體驗一下非常熱血大熱天看棒球不怕下雨又有冷氣吹坐在風口快冷死動線都還算流暢指標也算清楚一進來看到那個場面真的會不自主的哇場面很震撼尤其一起加油的時候根本就是環繞音響裡面有販賣部吃喝都有但價位很高建議可以買外食再帶進來就好不然排隊也是要排很久位置有設置輪椅區觀看的地方覺得蠻貼心的

交通
國父紀念館站5號出口步行約5分鐘即可抵達建議可搭乘捷運很方便如自行開車前往出來會塞爆

也有6線免費接駁專車可搭乘松山車站線臺北101世貿線松山機場線捷運忠孝復興線捷運公館線及臺北車站線","真的 很 值得 來 大 巨蛋 體驗 一下 非常 熱血 大 熱天 看 棒球 不 怕 下雨 又 有 冷氣 吹 坐 在 風口 快 冷 死 動線 都 還 算 流暢 指標 也 算清楚 一 進來 看到 那 個 場面 真的 會 不自主 的 哇 場面 很 震撼 尤其 一起 加油 的 時候 根本 就 是 環繞 音響 裡面 有 販賣部 吃 喝 都 有 但 價位 很 高 建議 可以 買 外食 再 帶進來 就 好 不然 排隊 也 是 要 排 很 久 位置 有 設置 輪椅區 觀看 的 地方 覺得 蠻 貼心 的 
 
 交通 
 國父 紀念館站 5號 出口 步行 約 5 分鐘 即可 抵達 建議 可 搭乘 捷運 很 方便 如 自行 開車 前往 出來 會 塞爆 

 也 有 6 線 免費 接駁 專車 可 搭乘 松山 車站線 臺北 101 世貿線 松山機場線 捷運 忠孝 復興線 捷運 公館線 及 臺北 車站線"
20241022到訪臺灣大賽711vs中信場地不錯 冷氣夠冷視野很好,20241022 到 訪 臺灣 大賽 711 vs 中信 場地 不錯   冷氣 夠 冷 視野 很 好
"建造多年
從我讀松山高中時期就動工
到現在我從美國讀完碩士回台兩年後
才終於蓋好
中間風風雨雨
總算蓋出室內棒球場
整體體驗非常好
台灣棒球啦啦隊文化盛行
讓大家都專注在看辣妹
真的和美國MLB有很大的差異
台灣職業棒球真的需要打得再專注
更有張力才可以
日後這兒也要舉辦演唱會
讓台北市更加繁榮富強
吸引各大樂團來台
裡頭可以設置一些更具吸引力的餐廳
會更有吸引力球迷入場","建造 多 年 
 從 我 讀 松山 高中 時期 就 動工 
 到 現在 我 從 美國 讀完 碩士 回 台 兩 年 後 
 才 終於 蓋好 
 中間 風風雨雨 
 總算 蓋出 室 內 棒球場 
 整體 體驗 非常 好 
 台灣 棒球 啦啦隊 文化 盛行 
 讓 大家 都 專注 在 看 辣妹 
 真的 和 美國 MLB 有 很 大 的 差異 
 台灣 職業 棒球 真的 需要 打 得 再 專注 
 更 有 張力 才 可以 
 日後 這兒 也 要 舉辦 演唱會 
 讓 台北市 更加 繁榮 富強 
 吸引 各 大 樂團 來 台 
 裡頭 可以 設置 一些 更 具 吸引力 的 餐廳 
 會 更 有 吸引力 球迷 入場"
"解鎖大巨蛋
潘威倫引退當了一日球員L2內野區聽到的回音啥也聽不懂
可惜引退沒有拿下150勝留下了遺憾最後電視牆出現賴清德總統的影片超有亮點","解鎖 大 巨蛋 
 潘威倫 引退 當 了 一 日 球員 L2 內野區 聽到 的 回音 啥 也 聽 不 懂 
 可惜 引退 沒有 拿下 150 勝 留下 了 遺憾 最後 電視牆 出現 賴清德 總統 的 影片 超 有 亮點"
大巨蛋本身場館設施都還在水準之上不過螢幕真的可以再大一點一樓的每個區域要看球應該視野都很好看球的時候球場內餐飲可能沒有那麼方便也許需要自備飲水和食物,大 巨蛋 本身 場館 設施 都 還 在 水準 之上 不過 螢幕 真的 可以 再 大 一點 一樓 的 每 個 區域 要 看 球 應該 視野 都 很 好看 球 的 時候 球場 內 餐飲 可能 沒有 那麼 方便 也許 需要 自備 飲水 和 食物
座椅舒服 走道寬敞 男女廁所很多 裡面吃的東西也很多 國父紀念館捷運5號出口一出來就到了 非常方便,座椅 舒服   走道 寬敞   男女 廁所 很多   裡面 吃 的 東西 也 很多   國父 紀念館 捷運 5號 出口 一 出來 就 到 了   非常 方便
"第一次看到真的很開闊 能在這種球場看球多花點門票錢也值得
尤其現在六月了 天氣悶熱只想去巨蛋球場看球

二樓視野很好比起一樓遼闊很多 票價也便宜
但喜歡加油氣氛的建議還是去一樓二樓觀眾太淡定了","第一 次 看到 真的 很 開闊   能 在 這 種 球場 看 球 多 花 點 門票錢 也 值得 
 尤其 現在 六月 了   天氣 悶熱 只 想 去 巨蛋 球場 看 球 
 
 二樓 視野 很 好 比起 一樓 遼闊 很多   票價 也 便宜 
 但 喜歡 加油 氣氛 的 建議 還是 去 一樓 二樓 觀眾 太 淡定 了"
"從職棒元年盼到現在
足足35年終於完工落成
也終於盼到我喵的主場
特地從高雄遠道而來
沒有讓人失望

可以在涼涼的冷氣裡看棒球
只能用舒服來形容
非常非常的享受其中
非常推薦在二樓的視野
一覽無遺又不會太遠
票價也相對的便宜","從 職棒 元年 盼 到 現在 
 足足 35 年 終於 完工 落成 
 也 終於 盼到 我 喵 的 主場 
 特地 從 高雄 遠道而來 
 沒有 讓 人 失望 
 
 可以 在 涼涼 的 冷氣 裡 看 棒球 
 只 能 用 舒服 來 形容 
 非常 非常 的 享受 其中 
 非常 推薦 在 二樓 的 視野 
 一覽無遺 又 不會 太 遠 
 票價 也 相對 的 便宜"
"大巨蛋我終於來了
利用中職有主場的賽程
剛好小孩也暑休
安排個3天兩夜的行程造訪心儀許久的大巨蛋
雖然大巨蛋已建造一段時間
也在電視上看過轉播
但是還是親身感受一下才是爽啊
看個球賽有涼爽的冷氣不怕風吹日曬
視野開闊音響設備先進購買零食也方便
交通便利捷運站就在出口
比ㄧ般傳統球場真的是好上好幾倍啊
千言萬語也無法形容造訪的感動
唯一覺得要改善的是動線標示
畢竟幅員遼闊標示不清是很麻煩
不過這是小瑕疵
下次有賽程有機會的話
仍然會想再來
真的值得","大 巨蛋 我 終於 來 了 
 利用 中職 有 主場 的 賽程 
 剛好 小孩 也 暑休 
 安排 個 3 天 兩 夜 的 行程 造訪 心儀 許久 的 大 巨蛋 
 雖然 大 巨蛋 已 建造 一 段 時間 
 也 在 電視 上 看 過 轉播 
 但是 還是 親身 感受 一下 才 是 爽 啊 
 看 個 球賽 有 涼爽 的 冷氣 不 怕 風 吹 日曬 
 視野 開闊 音響 設備 先進 購買 零食 也 方便 
 交通 便利 捷運站 就 在 出口 
 比 ㄧ般 傳統 球場 真的 是 好上 好幾 倍 啊 
 千言萬語 也 無法 形容 造訪 的 感動 
 唯一 覺得 要 改善 的 是 動線 標示 
 畢竟 幅員 遼闊 標示 不清是 很 麻煩 
 不過 這 是 小 瑕疵 
 下 次 有 賽程 有 機會 的話 
 仍然 會 想 再 來 
 真的 值得"
大巨蛋交通算是很便捷的一出國父紀念館站就可入場也有捷運補貼費廁所也很方便冷氣看球真的還不錯但是不清楚環境到底歸誰管租金抽成居高不下但是打掃我覺得有待加強這次台灣大賽G1坐在外野2樓一進場那灰塵真的讓鼻子不舒服地一層的灰本壘正對外野的黑部真的是髒,大 巨蛋 交通 算是 很 便捷 的 一 出 國父 紀念館 站 就 可 入場 也 有 捷運 補貼費 廁所 也 很 方便 冷氣 看 球 真的 還 不錯 但是 不 清楚 環境 到底 歸 誰 管 租金 抽成 居高不下 但是 打掃 我 覺得 有待 加強 這 次 台灣 大賽 G1 坐 在 外野 2樓 一 進場 那 灰塵 真的 讓 鼻子 不 舒服 地 一 層 的 灰 本壘 正 對 外野 的 黑部 真的 是 髒
"進到裡面只能用哇哇哇來形容
硬體設施很讚工作人員也很親切在這看球賽真的很幸福有大聯盟的FU讚啦","進到 裡面 只 能 用 哇哇哇 來 形容 
 硬體 設施 很 讚 工作 人員 也 很 親切 在 這 看 球賽 真的 很 幸福 有 大聯盟 的 FU 讚 啦"
"位置好交通方便捷運站沒有跟下沉式廣場有遮雨避陽的通道相接有些可惜
大雨宣洩沒有算好截水溝的排水量還蠻好笑的極端氣候的評估沒有放在設計規劃內
室內看球溫度很舒服也不用擔心下雨停賽
但內野座位區位置真的太窄啦
想起身走出大概全排的人都要起身了","位置 好 交通 方便 捷運站 沒有 跟 下沉式 廣場 有 遮雨 避陽 的 通道 相接 有些 可惜 
 大雨 宣洩 沒有 算好 截水溝 的 排水量 還 蠻 好笑 的 極端 氣候 的 評估 沒有 放 在 設計 規劃 內 
 室 內 看 球 溫度 很 舒服 也 不用 擔心 下雨 停賽 
 但 內野 座位區 位置 真的 太 窄 啦 
 想 起身 走出 大概 全 排 的 人 都 要 起身 了"
"台灣終於有巨蛋了
整體不會很悶非常的舒適
希望將來球團認購後裡面的商店街跟活動可以更舒適 2樓的景觀應該蠻舒適的
建議大家有空都可以來球場裡面看球
體驗不受風雨影響的觀球體驗

看完松煙的展覽後過來這邊走一走也蠻不錯的

希望以後除了球賽以外可以有付費參觀的行程可以走走草皮跟導覽球員休息室等等行程安排可以參考日本巨蛋的行程

期待之後越來越好

建議大家週末都可以去走一走逛一逛","台灣 終於 有 巨蛋 了 
 整體 不會 很 悶 非常 的 舒適 
 希望 將來 球團 認購 後 裡面 的 商店街 跟 活動 可以 更 舒適   2樓 的 景觀 應該 蠻 舒適 的 
 建議 大家 有空 都 可以 來 球場 裡面 看 球 
 體驗 不 受 風雨 影響 的 觀 球 體驗 
 
 看完 松煙 的 展覽 後 過來 這邊 走 一 走 也 蠻 不錯 的 
 
 希望 以後 除了 球賽 以外 可以 有 付費 參觀 的 行程 可以 走走 草皮 跟 導覽 球員 休息室 等等 行程 安排 可以 參考 日本 巨蛋 的 行程 
 
 期待 之後 越來越 好 
 
 建議 大家 週末 都 可以 去 走 一 走 逛 一 逛"
"83 富邦vs兄弟
05
兄弟獲勝
賽後表演好精彩
終於看到國防部長了
以上為個人看法
34506人
921周思齊引退週外野135區2樓
500人
還有五月天
跟以前的殺殺殺
兄弟4味全2
兄弟勝利
40000人","83  富邦 vs 兄弟 
05
 兄弟 獲勝 
 賽 後 表演 好 精彩 
 終於 看到 國防部長 了 
 以上 為 個人 看法 
34506 人 
921 周思齊 引退 週外野 135區 2樓 
500 人 
 還 有 五月 天
 跟 以前 的 殺 殺殺
 兄弟 4 味全 2
 兄弟 勝利 
40000 人"
等了好多年終於開放使用了裡面冷氣很強很棒的場地希望早點能舉辦演唱會停車場也很大但是有活動基本也是停滿車,等 了 好多 年 終於 開放 使用 了 裡面 冷氣 很 強 很 棒 的 場地 希望 早點 能 舉辦 演唱會 停車場 也 很 大 但是 有 活動 基本 也 是 停滿 車
113年7月來台北大巨蛋初體驗硬體和軟體中很有水準兄弟象9局逆轉統一獅32球賽很精彩球館內還可以買的到平價711熱狗堡還小朋友來消磨時間的好地方,113年 7月 來 台北 大 巨蛋 初 體驗 硬體 和 軟體 中 很 有 水準 兄弟象 9 局 逆轉 統一獅 32 球賽 很 精彩 球館 內 還可以 買 的 到 平價 711 熱狗堡 還 小朋友 來 消磨 時間 的 好 地方
"優連通捷運站室內球場不曬遮雨空調放送隨處設置垃圾桶提供飲水機裝水格子屋頂有特色灰白為主色簡約有質感

缺主螢幕不夠大走道區不夠寬闊進場人數較多時相當擁擠餐飲多為高碳水食物附近便利商店較遠一樓餐廳僅能從外圍進入","優連通 捷運站 室 內 球場 不 曬 遮雨 空調 放送 隨處 設置 垃圾桶 提供 飲水機 裝 水 格子 屋頂 有 特色 灰白 為 主色 簡約 有 質感 

 缺 主螢幕 不 夠 大 走道區 不 夠 寬闊 進場 人數 較多 時 相當 擁擠 餐飲 多 為 高碳水 食物 附近 便利商店 較 遠 一樓 餐廳 僅 能 從 外圍 進入"
"期待30年了終於能在下雨天安心看著球賽完整進行又有空調可舒適享受看球
可惜的是不盡理想整體尚未完全開放使用可能為顧及商業使用或空間的使用安全原設計理念應該是不用出捷運站就可從地下走道進入球場目前應該只有開車停球場的停車場才能不淋雨走","期待 30 年 了 終於 能 在 下雨天 安心 看 著 球賽 完整 進行 又 有 空調 可 舒適 享受 看 球 
 可惜 的 是 不盡 理想 整體 尚未 完全 開放 使用 可能 為 顧及 商業 使用 或 空間 的 使用 安全 原 設計 理念 應該 是 不用 出 捷運站 就 可 從 地 下 走道 進入 球場 目前 應該 只有 開車 停球場 的 停車場 才 能 不 淋雨 走"
"搭乘捷運到國父紀念館站下車四號出口是國父紀念館上去後往50公尺右邊有手扶電可下去走地下通道至售票口和巨蛋入口 
正常是走五號出口旁邊有一間全家可以先在此補給 停車場入口在忠孝東路和逸仙路口","搭乘 捷運 到 國父 紀念館站 下車 四號 出口 是 國父 紀念館 上去 後 往 50 公尺 右邊 有 手 扶 電 可 下去 走 地下 通道 至 售票口 和 巨蛋 入口   
 正常 是 走 五號 出口 旁邊 有 一 間 全家 可以 先 在 此 補給   停車場 入口 在 忠孝東路 和 逸仙路口"
來看了三場球賽室內吹冷氣吃吃喝喝看棒球就是爽餐廳有變多但是人數多時還是自備飲食比較方便,來 看 了 三 場 球賽 室 內 吹 冷氣 吃吃 喝喝 看 棒球 就是 爽 餐廳 有 變多 但是 人數 多 時 還是 自備 飲食 比較 方便
"大巨蛋我來了為了周思齊引退這樣棒的一個人認真努力自律當然要來看呀
好大的巨蛋冷氣超級強的外頭下雨而裡面卻是溫馨的感覺感謝五月天真的要好好的珍惜","大 巨蛋 我 來 了 為了 周思齊 引退 這樣 棒 的 一 個 人 認真 努力 自律 當然 要 來 看 呀 
 好 大 的 巨蛋 冷氣 超級 強 的 外頭 下雨 而 裡面 卻 是 溫馨 的 感覺 感謝 五月 天 真的 要 好好 的 珍惜"
"首次來大巨蛋看球炎炎夏日能在有冷氣的球場看球實在太幸福了
這次坐在四樓視野還是非常好可惜冷氣較一二樓弱了許多","首次 來 大 巨蛋 看 球 炎炎夏日 能 在 有 冷氣 的 球場 看 球 實在 太 幸福 了 
 這 次 坐 在 四樓 視野 還是 非常 好 可惜 冷氣 較 一二樓 弱 了 許多"
"捷運站出來直接是大巨蛋入口開車騎機車來大巨蛋也很方便一踏入球場有種在超大型百貨公司看棒球的fu真的超棒

對了停車空間很大可以停很多車
目前去看過幾場比賽都沒有停車位已滿的問題離場的動線也很順暢費用收取標準如下
機車20元次汽車60元小時

水啦","捷運站 出來 直接 是 大巨蛋 入口 開車 騎 機車 來 大巨蛋 也 很 方便 一 踏入 球場 有 種 在 超大型 百貨公司 看 棒球 的 fu 真的 超棒 
 
 對了 停車 空間 很 大 可以 停 很多 車 
 目前 去 看過 幾 場 比賽 都 沒有 停車位 已 滿 的 問題 離場 的 動線 也 很 順暢 費用 收取 標準 如下 
 機車 20 元 次 汽車 60 元 小時 
 
 水 啦"
"台灣第一座室內棒球場吹冷氣看棒球真的很幸福

很多廁所不怕找不到廁所場內系統很好都聽不到對面的加油聲","台灣 第一 座 室 內 棒球場 吹 冷氣 看 棒球 真的 很 幸福 
 
 很多 廁所 不 怕 找 不 到 廁所 場 內 系統 很 好 都 聽 不 到 對面 的 加油聲"
"捷運板南線藍線國父紀念館站5號出口
接駁車開賽前2小時跟結束信義線世貿站4號出口信義路上市政府市府路上都有接駁車到大巨蛋光復南路上
停車汽車平日50時假日60時消費500抵1小時最高可抵3小時機車平日20次消費300可抵一次
餐廳大巨蛋外圍餐廳總共有14家用餐環境都很不錯消費可抵停車費
大巨蛋至松菸園區已經連通可步行也可以去松菸園區餐廳用餐或逛逛
松菸園區內的誠品書店24小時聽完演唱會看完棒球好去處","捷運 板南線 藍線 國父 紀念館站 5號 出口 
 接駁車 開賽 前 2 小時 跟 結束 信義線 世貿站 4號 出口 信義路 上 市政府 市府 路 上 都 有 接駁車 到 大巨蛋 光復南路 上 
 停車 汽車 平日 50時 假日 60時 消費 500 抵 1 小時 最 高 可 抵 3 小時 機車 平日 20 次 消費 300 可 抵 一 次 
 餐廳 大巨蛋 外圍 餐廳 總共 有 14 家 用餐 環境 都 很 不錯 消費 可 抵 停車費 
 大巨蛋 至 松菸 園區 已經 連通 可 步行 也 可以 去 松菸 園區 餐廳 用餐 或 逛逛 
 松菸 園區 內 的 誠品 書店 24 小時 聽完 演唱會 看完 棒球 好 去處"
"可以在室內看棒球真的太棒了
從捷運站走到大巨蛋的一整條連接道都有便利商店速食餐廳可以買食物非常方便","可以 在 室 內 看 棒球 真的 太 棒 了 
 從 捷運站 走到 大 巨蛋 的 一 整 條 連接道 都 有 便利商店 速食 餐廳 可以 買 食物 非常 方便"
今年去了三場比賽 真的無可挑剔 廁所乾淨 而且新開的地下街走路也很舒服 讚啦,今年 去 了 三 場 比賽   真的 無可 挑剔   廁所 乾淨   而且 新 開 的 地下街 走路 也 很 舒服   讚 啦
看潘威倫引退賽才來的有冷氣吹的球賽就是舒服動線規劃路線很明確服務人員都很不錯重要的是化妝室超多而且很乾淨附近很熱鬧吃什麼都方便,看 潘威倫 引退 賽 才 來 的 有 冷氣 吹 的 球賽 就 是 舒服 動線 規劃 路線 很 明確 服務 人員 都 很 不錯 重要 的 是 化妝室 超 多 而且 很 乾淨 附近 很 熱鬧 吃 什麼 都 方便
台北有室內月棒球場真好設施相當棒人潮分流也做不錯大家都順利回家出口都安排接伯車棒,台北 有 室內月 棒球場 真 好 設施 相當 棒 人潮 分流 也 做 不錯 大家 都 順利 回家 出口 都 安排 接 伯車棒
"外野又漏水了
136區4排34號
只要下雨一定漏 每次漏水位置還都不一樣
還有破爛的音響請汰換
開球來賓講話的聲音都聽不清楚了 更別說之前賽後開的演唱會 簡直慘不忍睹
比賽很精彩 硬體也請跟上
別只是賺一場又一場大筆的門票 對顯而易見的缺失視而不見","外野 又 漏水 了 
136 區 4 排 34 號 
 只要 下雨 一定 漏  每 次 漏水 位置 還 都 不 一樣 
 還 有 破爛 的 音響 請 汰換 
 開球 來賓 講話 的 聲音 都 聽 不 清楚 了   更 別 說 之前 賽 後 開 的 演唱會   簡直 慘不忍睹 
 比賽 很 精彩   硬體 也 請 跟上 
 別 只是 賺 一 場 又 一 場 大 筆 的 門票   對 顯而易見 的 缺失 視而不見"
從國小時候的職棒元年的龍象大站終於現在到了大巨蛋有冷氣空調的環境就真的舒服很多又在捷運藍線現在台北市新北市的居民就非常方便其實散場的時候疏散的速度也算蠻快的以後球賽機會會更提升了,從 國小 時候 的 職棒 元年 的 龍象 大 站 終於 現在 到 了 大 巨蛋 有 冷氣 空調 的 環境 就 真的 舒服 很多 又 在 捷運 藍線 現在 台北市 新北市 的 居民 就 非常 方便 其實 散場 的 時候 疏散 的 速度 也 算 蠻 快 的 以後 球賽 機會 會 更 提升 了
"2024614第一次來到大巨蛋觀賞職棒比賽一踏入手扶梯就感受無敵熱情粉絲們搖旗吶喊加油聲那氛圍真的很讓人著迷室內空間高挑空調設備良好唯一周圍的販賣美食選擇性不多價格偏高
還有如果現場購票只能中國信託御璽卡以上等級","2024614 第一 次 來到 大巨蛋 觀賞 職棒 比賽 一 踏入 手扶梯 就 感受 無敵 熱情 粉絲 們 搖旗吶喊 加油聲 那 氛圍 真的 很 讓 人 著迷 室 內 空間 高挑 空調 設備 良好 唯一 周圍 的 販賣 美食 選擇性 不 多 價格 偏 高 
 還 有 如果 現場 購 票 只 能 中國信託 御璽卡 以上 等級"
"5點開打的球賽汽車車位不到3點就沒了不確定是開放的車位太少還是開車的人太多

進場動線相當順暢能在室內看球真的相當幸福

進場後走廊擠滿滿買紀念品買食物上廁所找位子的人潮擠在一起小不舒服但很熱鬧","5點 開打 的 球賽 汽車 車位 不 到 3點 就 沒 了 不 確定 是 開放 的 車位 太少 還是 開車 的 人 太多 
 
 進場 動線 相當 順暢 能 在 室 內 看 球 真的 相當 幸福 
 
 進場 後 走廊 擠滿滿 買 紀念品 買 食物 上廁所 找 位子 的 人潮 擠 在一起 小 不 舒服 但 很 熱鬧"
"台灣第一座室內棒球場不怕風吹日曬雨淋還有冷氣真是舒服

大巨蛋第一場球賽獻給兄弟和統一10幾年沒看台灣職棒看到王建民上來還是難掩心中的興奮希望台灣職棒越來越好

今天日最幸運撿到界外球 感謝前面的小哥沒接到讓球彈到後面","台灣 第一 座 室 內 棒球場 不 怕 風 吹 日曬 雨 淋 還 有 冷氣 真是 舒服 
 
 大 巨蛋 第一 場 球賽 獻給 兄弟 和 統一 10 幾 年 沒 看 台灣 職棒 看到 王建民 上來 還是 難掩 心 中 的 興奮 希望 台灣 職棒 越來越 好 
 
 今天 日 最 幸運 撿到 界外球   感謝 前面 的 小哥 沒 接到 讓 球 彈到 後面"
"20240622
終於來開箱臺灣第一顆巨蛋的
第一次在室內球場看棒球
觀賽體驗只能說 其他球場根本沒辦法比啊
有冷氣是室內場館看起來就是舒服

我覺得看球的視角來說 如果看球賽大概選20排左右比較剛好 選太前面應該會被舞台擋到會看不太到球的感覺 啊如果是要看啦啦隊認真加油應援的話那是可以買前排的位子坐

大巨蛋除了有冷氣外 跟其他球場比較不一樣的是內野票可以走去外野晃晃 外野看進內野的視角其實也蠻不錯的 攤位跟其他球場比可能是分的比較散 內外野都有 所以覺得攤位沒有很多的感覺

然後雖然那個螢幕已經是臺灣球場裡最大的螢幕了 但還是希望在改大一點 這裡球迷的看球體驗會更好

交通部分 機車蠻好停車的 汽車感覺位置也蠻多的 只是開來這附近很容易塞車 捷運不用說 出來就可以直接進場了也很方便 附近應該也蠻多公車能到

結論 看完大巨蛋後感覺之後去其他球場都會覺得說好熱喔不習慣的感覺 巨蛋的看球體驗真的太舒服啦 蠻期待以後國際賽來這裡看球的","20240622 
 終於 來 開箱 臺灣 第一 顆 巨蛋 的 
 第一 次 在 室 內 球場 看 棒球 
 觀賽 體驗 只 能 說   其他 球場 根本 沒辦法 比 啊 
 有 冷氣 是 室 內 場館 看起來 就 是 舒服 
 
 我 覺得 看 球 的 視角 來 說   如果 看 球賽 大概 選 20 排 左右 比較 剛好   選 太 前面 應該 會 被 舞台 擋到 會 看 不 太到 球 的 感覺   啊 如果 是 要 看 啦啦隊 認真 加油 應援 的話 那 是 可以 買 前 排 的 位子 坐 

 大 巨蛋 除了 有 冷氣 外   跟 其他 球場 比較 不 一樣 的 是 內野票 可以 走去 外野 晃晃   外野 看進 內野 的 視角 其實 也 蠻 不錯 的   攤位 跟 其他 球場 比 可能 是 分 的 比較 散   內外野 都 有   所以 覺得 攤位 沒有 很多 的 感覺 
 
 然後 雖然 那 個 螢幕 已經 是 臺灣 球場 裡 最 大 的 螢幕 了   但 還是 希望 在 改大 一點   這裡 球迷 的 看 球 體驗 會 更 好 
 
 交通 部分   機車 蠻 好 停車 的   汽車 感覺 位置 也 蠻 多 的   只是 開來 這 附近 很 容易 塞車   捷運 不用說   出來 就 可以 直接 進場 了 也 很 方便   附近 應該 也 蠻 多 公車 能 到 

 結論   看完 大 巨蛋 後 感覺 之後 去 其他 球場 都 會 覺得 說 好 熱 喔 不 習慣 的 感覺   巨蛋 的 看 球 體驗 真的 太 舒服 啦   蠻 期待 以後 國際賽 來 這裡 看 球 的"
"20240720中職明星賽來體驗大巨蛋
我們坐L5最上層視線有點遠高所以只能看前方的大螢幕座位擁擠還是台中洲際比較好所以有來體驗過就好

優點是裡面有空調不悶熱不過因為還沒有開放固定球隊認養巨蛋因此只有幾攤臨時的攤販所以我們先去外面附近的麥當勞買進來吃","20240720 中職 明星賽 來 體驗 大 巨蛋 
 我們 坐 L5 最 上 層 視線 有點 遠 高 所以 只 能 看 前方 的 大 螢幕 座位 擁擠 還是 台中 洲際 比較 好 所以 有 來 體驗 過 就 好 
 
 優點 是 裡面 有 空調 不 悶熱 不過 因為 還 沒有 開放 固定 球隊 認養 巨蛋 因此 只有 幾 攤 臨時 的 攤販 所以 我們 先 去 外面 附近 的 麥當勞 買進來 吃"
遇到大雨確實有漏水情形希望能夠加以改善不然就浪費了那麼好的球場,遇到 大雨 確實 有 漏水 情形 希望 能夠 加以 改善 不然 就 浪費 了 那麼 好 的 球場
台灣可以有一個不用怕風吹日曬雨淋的棒球場真的太讚了看棒球吹冷氣就是爽而且4萬人冷氣還是吹到會冷,台灣 可以 有 一 個 不用 怕 風 吹 日曬 雨 淋 的 棒球場 真的 太 讚 了 看 棒球 吹 冷氣 就是 爽 而且 4萬 人 冷氣 還是 吹到 會 冷
第一次來大巨蛋看球覺得還可以但是缺點是動線設計的不好人多會很亂地下樓層有賣吃的跟飲料越往上走空調越不冷還有就是有些座位空調會滴水有點擾人廁所還算蠻乾淨的廁所附近有飲水機可以帶杯子進來裝水因為地下樓層基本都是賣的很甜的飲料賣瓶裝水的比較少要花時間找賣水的地方,第一 次 來 大 巨蛋 看 球 覺得 還可以 但是 缺點 是 動線 設計 的 不 好 人 多 會 很 亂 地下 樓層 有 賣 吃 的 跟 飲料 越 往 上 走 空調 越 不 冷 還 有 就是 有 些 座位 空調 會 滴水 有點 擾 人 廁所 還 算 蠻 乾淨 的 廁所 附近 有 飲水機 可以 帶 杯子 進來 裝 水 因為 地下 樓層 基本 都 是 賣 的 很 甜 的 飲料 賣 瓶 裝 水 的 比較 少 要 花 時間 找 賣 水 的 地方
占地廣闊B1 B2 尚未整理好感覺還沒到位繼續加油,占地 廣闊 B1 B2  尚未 整理好 感覺 還 沒 到位 繼續 加油
舉辦了若干場球賽規劃逐漸完善許多球賽後還安排了演唱會吸引更多球迷進場支持期待演唱會舉辦的那天,舉辦 了 若干 場 球賽 規劃 逐漸 完善 許多 球賽 後 還 安排 了 演唱會 吸引 更多 球迷 進場 支持 期待 演唱會 舉辦 的 那 天
"去過國外巨蛋球場觀禮後

希望台灣 能有一顆巨蛋
終於落成了

首次光臨特別興奮
因為在自己家鄉 有巨蛋特別感到開心

選了一場中職老字號球隊的比賽
特別有意義

人潮不用多說有照片有真相
買個美食感覺空氣都被人群給搶走了

期待接下來的世界12強以及國際賽事
來幫助中華隊加油

感謝協助孵出這顆蛋
的政府機關以及廠商機關
期待經營越來越好

台灣加油

20240615","去 過 國外 巨蛋 球場 觀禮 後 
 
 希望 台灣   能 有 一 顆 巨蛋 
 終於 落成 了 
 
 首次 光臨 特別 興奮 
 因為 在 自己 家鄉   有 巨蛋 特別 感到 開心 
 
 選 了 一 場 中職 老字號 球隊 的 比賽 
 特別 有 意義 
 
 人潮 不用 多 說 有 照片 有 真相 
 買 個 美食 感覺 空氣 都 被 人群 給 搶走 了 
 
 期待 接下來 的 世界 12 強 以及 國際 賽事 
 來 幫助 中華隊 加油 
 
 感謝 協助 孵出 這 顆 蛋
 的 政府 機關 以及 廠商 機關 
 期待 經營 越來越 好 
 
 台灣 加油 

 20240615"
我覺得環境不錯可能等商店都開之後會更好場內的冷氣很涼以後再也不會怕下雨停賽希望北市府或是以後認養的球隊或公司能好好維護這顆得來不易的蛋,我 覺得 環境 不錯 可能 等 商店 都 開 之後 會 更 好 場 內 的 冷氣 很 涼 以後 再 也 不會 怕 下雨 停賽 希望 北市府 或是 以後 認養 的 球隊 或 公司 能 好好 維護 這 顆 得來 不易 的 蛋
"很高興能親臨職棒35週年全民星賽
看到最頂的球員最香的啦啦隊最頂OB對決這是很難忘的回憶感謝大巨蛋有你真好","很 高興 能 親臨 職棒 35 週年 全民 星賽 
 看到 最 頂 的 球員 最 香 的 啦啦隊 最 頂 O B 對決 這 是 很 難忘 的 回憶 感謝 大巨蛋 有 你 真 好"
台北大巨蛋終於正式啟用一樓是遠東Garden City商場有許多新型態的餐廳假日往來民眾眾多附近景點還有國父紀念館松山文創園區國家鐵道博物館等,台北 大 巨蛋 終於 正式 啟用 一樓 是 遠東 Garden  City 商場 有 許多 新 型態 的 餐廳 假日 往來 民眾 眾多 附近 景點 還 有 國父 紀念館 松山 文創 園區 國家 鐵道 博物館 等
"停車場離 大巨蛋門口很遠
無法直達
要先徒步幾分鐘
還要聞一大堆二手菸
動線很怪
兄弟公關票居然跟對號座搶位置 有夠爛
建議不要買二樓 會被拿免費票的搶位置然後又不讓位

新增1020 總冠軍賽 內野105視野
還是有些遮蔽 下次應該會買本後","停車場 離   大 巨蛋 門口 很 遠 
 無法 直達 
 要 先 徒步 幾 分鐘 
 還 要 聞 一 大 堆 二手菸 
 動線 很 怪 
 兄弟 公關票 居然 跟 對號座 搶 位置   有 夠 爛 
 建議 不要 買 二樓   會 被 拿 免費 票 的 搶 位置 然後 又 不 讓位 

 新增 1020   總冠軍賽   內野 105 視野 
 還是 有 些 遮蔽   下 次 應該 會 買 本 後"
20240707 大巨蛋首度造訪先不論從南部上去的交通成本原來看棒球也能這麼舒適愜意冷氣好強也難怪大巨蛋的球賽是那麼的受歡迎球賽票價反倒是其次光是大巨蛋看球體驗就超過100分了,20240707   大 巨蛋 首度 造訪 先 不論 從 南部 上去 的 交通 成本 原來 看 棒球 也 能 這麼 舒適 愜意 冷氣 好強 也 難怪 大 巨蛋 的 球賽 是 那麼 的 受 歡迎 球賽 票價 反倒 是 其次 光 是 大 巨蛋 看 球 體驗 就 超過 100 分 了
B1三壘後排 會看不到大螢幕 坐下直接被遮23然后對面螢幕又小不拉機爛死都要用了螢幕大一點會怎樣嗎,B1 三壘 後 排   會 看 不 到 大 螢幕   坐下 直接 被 遮 23 然后 對面 螢幕 又 小不拉機 爛死 都 要 用 了 螢幕 大 一點 會 怎樣 嗎
"昨天大巨蛋初體驗 友人送了2張兄弟象及味全龍職棒 在內野區的貴賓票 好嗨喔
一開始請了Gail來台開球 唱歌 還看到李多慧及林襄出場味全龍的啦啦隊粉絲們一致的動作及口號真是認真又忠誠 令人感到震撼","昨天 大巨蛋 初 體驗   友人 送 了 2 張 兄弟象 及 味全龍 職棒   在 內野區 的 貴賓票   好 嗨 喔 
 一 開始 請 了 Gail 來 台 開球   唱歌   還 看到 李多慧 及 林襄 出場 味全龍 的 啦啦隊 粉絲 們 一致 的 動作 及 口號 真是 認真 又 忠誠   令 人 感到 震撼"
"20240616紀錄
台北大巨蛋
場地真的很棒出乎我預料啊
但很棒的看棒賽場地值得來看
看球賽吹冷氣真的好爽啊
下次賽要如何去台中洲際看沒冷氣的啊 開箱大巨蛋大巨蛋看球的環境真的不錯本賽看過美國洋基跟東京巨蛋後評比結果台灣藍波one","20240616 紀錄 
 台北 大 巨蛋 
 場地 真的 很 棒 出乎 我 預料 啊 
 但 很 棒 的 看 棒賽 場地 值得 來 看 
 看 球賽 吹 冷氣 真的 好 爽 啊 
 下 次 賽 要 如何 去 台中 洲際 看 沒 冷氣 的 啊   開箱 大 巨蛋 大 巨蛋 看 球 的 環境 真的 不錯 本 賽 看過 美國 洋基 跟 東京 巨蛋 後 評比 結果 台灣 藍波 one"
可以去看看台灣最大的棒球場F1 外圍B 2有很多美食都不錯可以嘗試,可以 去 看看 台灣 最 大 的 棒球場 F1  外圍 B 2 有 很多 美食 都 不錯 可以 嘗試
整體來說都是好事發生降低因雨而停賽或活動停辦的問題公共運輸將扮演很大的角色停車場的使用也早已經可想而知的挑戰建議彈性時間的提早開放入場與多項的預先規定例如停車場避免車子排隊情況頻繁出現希望持續優化與美化讓台灣也有驕傲的棒球場所場內音響音效品質仍然值得大大的改善,整體 來 說 都 是 好事 發生 降低 因 雨 而 停賽 或 活動 停辦 的 問題 公共 運輸 將 扮演 很 大 的 角色 停車場 的 使用 也 早已 經 可想而知 的 挑戰 建議 彈性 時間 的 提早 開放 入場 與 多 項 的 預先 規定 例如 停車場 避免 車子 排隊 情況 頻繁 出現 希望 持續 優化 與 美化 讓 台灣 也 有 驕傲 的 棒球場 所 場 內 音響 音效 品質 仍然 值得 大大 的 改善
"棒球賽初體驗
第一次看棒球 第一次進大巨蛋
室內有冷氣吹真不錯
期待之後開放辦演唱會

中信富邦金控球隊大戰
位置坐在一壘二樓
在站立應援區附近
離啦啦隊女孩蠻近的

這場是平日最多人的一場 將近2萬人入場
趁著休息有在二樓走一圈
聽說三樓有人被界外球打到臉
眼睛直接腫一圈送醫
下次看比賽要帶手套","棒球賽 初 體驗 
 第一 次 看 棒球   第一 次 進 大 巨蛋 
 室 內 有 冷氣 吹 真 不錯 
 期待 之後 開放 辦 演唱會 
 
 中信 富邦金 控球隊 大戰 
 位置 坐 在 一壘 二樓 
 在 站立 應援區 附近 
 離 啦啦隊 女孩 蠻 近 的 
 
 這 場 是 平日 最多 人 的 一 場   將近 2萬 人 入場 
 趁著 休息 有 在 二樓 走 一 圈 
 聽說 三樓 有 人 被 界外球 打到 臉 
 眼睛 直接 腫 一 圈 送醫 
 下 次 看 比賽 要 帶 手套"
室內球館很大很壯觀可容納數萬人外表流線型很有設計感為整體看棒球的體驗增添了許多視覺上的享受,室 內 球館 很 大 很 壯觀 可 容納 數萬 人 外表 流線型 很 有 設計感 為 整體 看 棒球 的 體驗 增添 了 許多 視覺 上 的 享受
"國父紀念館站出口即到1F環一圈都是高級餐廳和賣賣店大巨蛋旁有二層樓的古意松菸文創園區松菸文創後面是誠品生活館B1有美食街3F 誠品書店是24小時開放的書店另外旁邊還有Garden City大遠百
來看球賽可以順便來此閒逛","國父 紀念館 站 出口 即 到 1F環 一 圈 都 是 高級 餐廳 和 賣賣店 大巨蛋 旁 有 二 層 樓 的 古意 松菸 文創 園區 松菸 文創 後面 是 誠品 生活館 B1 有 美食街 3F  誠品 書店 是 24 小時 開放 的 書店 另外 旁邊 還 有 Garden  City 大遠 百
 來 看 球賽 可以 順便 來 此 閒逛"
還沒進去看球過但這是台灣棒球迷其待已久的場地也是當年牲台北市立棒球場才換來的球場必需讚,還 沒 進去 看 球 過 但 這 是 台灣 棒球迷 其 待 已 久 的 場地 也 是 當年 牲 台北 市立 棒球場 才 換來 的 球場 必需 讚
"空間非常寬敞舒適化妝室間數也很足夠不用擔心人潮眾多時排隊問題
唯獨餐飲部的規劃可以再精緻些","空間 非常 寬敞 舒適 化妝室 間數 也 很 足夠 不用 擔心 人潮 眾多 時 排隊 問題 
 唯獨 餐飲部 的 規劃 可以 再 精緻 些"
"第一次來大巨蛋看引退
眼睛哭的好腫
太感動
這是5樓的視野
可以在大巨蛋看棒球真的很幸福","第一 次 來 大 巨蛋 看 引退 
 眼睛 哭 的 好 腫 
 太 感動 
 這 是 5樓 的 視野 
 可以 在 大 巨蛋 看 棒球 真的 很 幸福"
"冷氣蠻涼爽的
體驗還不錯
但棒球動線很爛","冷氣 蠻 涼爽 的 
 體驗 還 不錯 
 但 棒球 動線 很 爛"
第一次來朝聖聽到職棒元年的戰歌頓時覺得這一路走來真的是太久了台灣終於有巨蛋球場了吹著冷氣看球不必再因為下雨或場地而暫停比賽了這樣才是看棒球要有的感覺太棒了雖然硬體設施不足還要再加強不過已經很棒了,第一 次 來 朝聖 聽到 職棒 元年 的 戰歌 頓時 覺得 這 一路 走來 真的 是 太 久 了 台灣 終於 有 巨蛋 球場 了 吹 著 冷氣 看 球 不必 再 因為 下雨 或 場地 而 暫停 比賽 了 這樣 才 是 看 棒球 要 有 的 感覺 太 棒 了 雖然 硬體 設施 不足 還要 再 加強 不過 已經 很 棒 了
"空調不錯
位子算好坐
裡面可以提供的餐飲還不夠多
廁所蠻多的人群散場很快
散場有接駁車到火車站或忠孝復興捷運站超級方便","空調 不錯 
 位子 算 好 坐 
 裡面 可以 提供 的 餐飲 還 不 夠多 
 廁所 蠻 多 的 人群 散場 很 快 
 散場 有 接駁車 到 火車站 或 忠孝 復興 捷運站 超級 方便"
原本以為會很難停車沒有想到停車動線意外的順暢週邊也有很多美食可以供看球賽的球迷享用這次去很幸運的遇到Lala徐佳瑩於球賽後上場表演,原本 以為 會 很 難 停車 沒有 想到 停車 動線 意外 的 順暢 週邊 也 有 很多 美食 可以 供 看 球賽 的 球迷 享用 這 次 去 很 幸運 的 遇到 Lala 徐佳瑩 於 球賽 後 上場 表演
臺北大巨蛋位於光復南路忠孝東路與市民大道之間捷運國父紀念館站步行約3分鐘大巨蛋附收費停車場交通非常方便體育館為可容納4萬座席之室內多功能體育館提供舉辦大型球賽集會表演及展覽等活動商業設施有百貨商場商店街辦公大樓等,臺北 大 巨蛋 位於 光復南路 忠孝東路 與 市民大道 之間 捷運 國父 紀念館站 步行 約 3 分鐘 大 巨蛋 附 收費 停車場 交通 非常 方便 體育館 為 可 容納 4萬 座席 之 室 內 多功能 體育館 提供 舉辦 大型 球賽 集會 表演 及 展覽 等 活動 商業 設施 有 百貨商場 商店街 辦公 大樓 等
位置導引圖系統完全不夠人性圖示右邊就是光復南路 看圖時確見圖示左邊是光復南路設計者是只會貼圖還是找工讀生來作業台灣最大體育活動館確有如此低能的設計師難怪台灣沒有景觀,位置 導引 圖 系統 完全 不 夠 人性 圖示 右邊 就 是 光復南路   看 圖 時 確 見 圖示 左邊 是 光復南路 設計 者 是 只 會 貼圖 還是 找 工讀生 來 作業 台灣 最 大 體育 活動館 確 有 如此 低能 的 設計師 難怪 台灣 沒有 景觀
"冷氣開放 非常舒適
周遭食物還算多樣
賽後還有王識賢跟徐佳瑩演唱 值回票價","冷氣 開放   非常 舒適 
 周遭 食物 還 算 多樣 
 賽 後 還 有 王識賢 跟 徐佳瑩 演唱   值回票價"
"捷運站五號出口有聯通交通便利進場散場都不會擁擠有冷氣的棒球場真的很幸福座位走道空間都算舒適場地可以好好的走一圈進駐的攤商算多價位不低就是了外圍的餐廳才陸續開始營業期待整個商業服務更完善球賽當天唯獨上樓的手扶梯沒有運作旁邊四台電梯也不開放民眾使用不便民希望能改善
會後邀請歌手演出的音響簡直是災難可能要好好的解決這個可怕的事情","捷運站 五號 出口 有 聯通 交通 便利 進場 散場 都 不會 擁擠 有 冷氣 的 棒球場 真的 很 幸福 座位 走道 空間 都 算 舒適 場地 可以 好好 的 走 一 圈 進駐 的 攤商 算 多 價位 不 低 就是了 外圍 的 餐廳 才 陸續 開始 營業 期待 整 個 商業 服務 更 完善 球賽 當天 唯獨 上樓 的 手扶梯 沒有 運作 旁邊 四 台 電梯 也 不 開放 民眾 使用 不 便民 希望 能 改善 
 會 後 邀請 歌手 演出 的 音響 簡直 是 災難 可能 要 好好 的 解決 這 個 可怕 的 事情"
大型比賽辦在這超棒的但人潮眾多可以買點東西進場吃不然就要有大排長龍的準備裡面廁所多又乾淨座位也標示得很清楚,大型 比賽 辦 在 這 超棒 的 但 人潮 眾多 可以 買 點 東西 進場 吃 不然 就 要 有 大排長龍 的 準備 裡面 廁所 多 又 乾淨 座位 也 標示 得 很 清楚
第一次進入大巨觀賞味全龍和中信兄弟的比賽室內棒球場光線明亮舒適的空調系統使得看比賽是一種享受下午430分進場500開始比賽晚上830分結束比賽910分味全龍球員歌唱表演將近晚上1030分結束500元的門票渡過了一個充實的夜晚,第一 次 進入 大巨 觀賞 味全龍 和 中信 兄弟 的 比賽 室 內 棒球場 光線 明亮 舒適 的 空調 系統 使得 看 比賽 是 一 種 享受 下午 430分 進場 500 開始 比賽 晚上 830分 結束 比賽 910分 味全龍 球員 歌唱 表演 將近 晚上 1030分 結束 500 元 的 門票 渡過 了 一 個 充實 的 夜晚
"大巨蛋初體驗
台北終於有自己的大巨蛋不管天氣刮風下雨裡面也不受影響照樣能打球
第一次來到大巨蛋看球裡面真的很像百貨公司有手扶梯通往各樓層廁所也有夠多裡面也比照百貨公司的標準很乾淨但是就是攤販只有幾個臨時的美食攤位每個都排很長座位也很新冷氣吹到還會冷這是以往室外球場難想像的
賽後也有演唱會也第一次在球場聽演唱會歌手是曾沛慈跟周湯豪曾沛慈很熱情的跟在場觀眾打招呼周湯豪則是帶來大家耳熟能詳的歌曲
大巨蛋
富邦悍將
演唱會","大 巨蛋 初 體驗 
 台北 終於 有 自己 的 大 巨蛋 不管 天氣 刮風 下雨 裡面 也 不 受 影響 照樣 能 打球 
 第一 次 來到 大巨蛋 看 球 裡面 真的 很 像 百貨公司 有 手扶梯 通往 各 樓層 廁所 也 有 夠多 裡面 也 比照 百貨公司 的 標準 很 乾淨 但是 就是 攤販 只 有 幾 個 臨時 的 美食 攤位 每 個 都 排 很 長 座位 也 很 新 冷氣 吹到 還 會 冷 這 是 以往 室 外 球場 難 想像 的 
 賽 後 也 有 演唱會 也 第一 次 在 球場 聽 演唱會 歌手 是 曾沛慈 跟 周湯豪 曾沛慈 很 熱情 的 跟 在場 觀眾 打招呼 周湯豪 則 是 帶來 大家 耳熟能詳 的 歌曲 
 大 巨蛋 
 富邦 悍將 
 演唱會"
很幸運的明星賽開放到五層每一層的視野差蠻多的不同視角不同的體驗個人覺得二層算是最適合的高度唯一美中不足是電視確實小了一點畫素不到高所以部分資訊在上層的真的完全看不到,很 幸運 的 明星賽 開放到 五 層 每 一 層 的 視野 差 蠻 多 的 不同 視角 不同 的 體驗 個人 覺得 二 層 算是 最 適合 的 高度 唯一 美中不足 是 電視 確實 小 了 一點 畫素 不 到 高 所以 部分 資訊 在 上 層 的 真的 完全 看 不 到
"20240922
再扣一顆星
為了看周思齊引退賽前往觀看
當天下大雨想說搞不好場內也會下雨
果然很倒霉再次遇到漏水
而且水滴得比上次還誇張

這次買的是四樓的位置
也沒辦法跟上次那樣喬角度坐著看
只好跟工作人員反應
他前去檢查我們的位置和票根
確認我們真的遇到漏水後
再跟不知道誰聯絡了一下後
表示不喜歡的話
可以改到第一排可以隨便坐

但這第一排是被欄杆擋住的位子啊
真的太扯了吧
朋友還說之前看網路分享不是能換到三樓嗎
然後再去詢問說現在沒這回事了
不然就是改到201或225
是內野最邊邊的位置

到201那邊確認後遇到了一些倒霉的同伴
也說這是爛爆的處理
跟原本的位置視野比較來差距有夠遠的

現在遠雄就是這樣了嗎
還要工作人員確認你的位置是不是真的有漏水
才能讓你換到第一排的擋視野的坐牢位
或者是遠在角落的201225

而且這些還是任何人都可以去坐的位置沒有管制的

那還要確認什麼勁啊
確認就只是懷疑真假而已覺得球迷騙人的這樣而已

若真的會讓這些倒霉的人換到三樓
再來確認好嗎

工作人員是無辜的
畢竟要配合無良的廠商
我們當下也沒有為難他
而廠商連做錯要彌補還能這麼瞧不起人
確認真的有問題後再給你去坐有問題的位子
噁心

回到家看新聞又是一臉假掰的不好意思會改善
上個月說會改善
上上個月說會改善
都已經半年過去了
都沒改善

有啦有改啦
改成倒霉的人三樓不准坐
去坐坐牢位或者發配邊疆
爛透了

20240602
樓上漏水了扣一顆星
應該說是又漏水了
勉強看完整場
然後原來最上層第五樓的位置不能買前排
會被樓梯擋住視線真的笑死
怎麼一堆設計不良啊

20231206
三顆星
交通真的沒話說假如已經買好票且在台北市區上班的人可以六點下班坐捷運過來剛好開賽
但還是有很多要注意和待改善的部分
1進場後的迴廊腹地比日本的巨蛋都來得小一萬多人可能還好但到時超過兩萬人以上的入場數應該會擁擠滿場就更要小心了絕對塞爆且到時若迴廊的商家都開始營業排隊買食物及商品的人潮絕對會影響迴廊的走動這應該無法改善了只能進場時多注意
2相較日本的巨蛋屬於比較窄高的形式現場看真的比較高聳假如日本巨蛋為各樓層的座位比較延伸那台北巨蛋就是延伸較少而分層更多更高於是樓梯就很重要了但現場看的狀況是樓梯似乎依舊偏窄人數多的時候走路需要小心有帶老弱婦孺及身障的朋友必須更加更加注意
3從國父紀念館四號出口過來連結大巨蛋的B2通道B2連結B1售票入場口的區域以及B2連結B3停車場的區域這幾處都是樓梯較窄走動需要小心入場較為分散可能還可以但人多時比賽結束的散場絕對會很塞請小心走動不然就是走售票口旁邊的樓梯到一樓比較安全
4售票口很小不知道是因為臨時比賽才是如此還是之後是否會在別的地方售票要再觀察
5售票口旁邊一樓往地下一樓售票及入場之空間的樓梯偏暗且下雨時下樓梯需要更加注意畢竟是又暗又濕又要卡旁邊的人的雨傘帶老弱婦孺務必要小心希望之後可以改善若以後該階梯處可以有遮雨的部分可以讓走樓梯的人不需要撐傘及加強燈光照明的話那就更好了
6進場一萬人左右球場的廁所還算夠用而且女廁似乎比男廁多這是很好的設計但滿場就很難說了
7中外野大螢幕夠用但沒辦法跟日本那些巨蛋的螢幕比就是能夠有基本的功能沒有辦法有更好的視覺感受空間上應該可以改善但短期內應該不會去增設螢幕了吧
8兩側全壘打標竿旁的螢幕偏小若是播放的資訊跟中外野一樣的話真的會太小了應該另外設計別的資訊來播放例如投打者的基本成績資訊等等
9球場的安全欄杆及網子的部分欄杆很礙眼有些座位欄杆會剛好卡本壘真的有礙觀賞希望這以後可以改善
10座位很好找且座位大小很適中飲料架擺放方便不卡座位設計上沒什麼問題
11垃圾桶太小了兩局不到就滿出來了這可能會讓工作人員比較辛苦要一直更換清潔應用超大型垃圾桶跟美日的巨蛋一樣

20240302
好像還真的跟當初擔心的都成真了但這改進得了嗎","20240922 
 再 扣 一 顆 星 
 為了 看 周思齊 引退賽 前 往 觀看 
 當天 下 大雨 想 說 搞不好 場 內 也 會 下雨 
 果然 很 倒霉 再次 遇到 漏水 
 而且 水滴 得 比 上 次 還 誇張 
 
 這 次 買 的 是 四樓 的 位置 
 也 沒辦法 跟 上 次 那樣 喬 角度 坐 著 看 
 只好 跟 工作 人員 反應 
 他 前去 檢查 我們 的 位置 和 票根 
 確認 我們 真的 遇到 漏水 後 
 再 跟 不 知道 誰 聯絡 了 一下 後 
 表示 不 喜歡 的話 
 可以 改到 第一 排 可以 隨便 坐 
 
 但 這 第一 排 是 被 欄杆 擋住 的 位子 啊 
 真的 太 扯 了 吧 
 朋友 還 說 之前 看 網路 分享 不 是 能 換到 三樓 嗎 
 然後 再 去 詢問 說 現在 沒 這 回 事 了 
 不然 就是 改到 201 或 225 
 是 內野 最 邊邊 的 位置 
 
 到 201 那邊 確認 後 遇到 了 一些 倒霉 的 同伴 
 也 說 這 是 爛爆 的 處理 
 跟 原本 的 位置 視野 比較 來 差距 有 夠 遠 的 
 
 現在 遠雄 就 是 這樣 了 嗎 
 還 要 工作 人員 確認 你 的 位置 是 不 是 真的 有 漏水 
 才 能 讓 你 換到 第一 排 的 擋 視野 的 坐牢位 
 或者 是 遠 在 角落 的 201225 
 
 而且 這些 還是 任何 人 都 可以 去 坐 的 位置 沒有 管制 的 
 
 那 還要 確認 什麼 勁 啊 
 確認 就 只是 懷疑 真假 而已 覺得 球迷 騙人 的 這樣 而已 
 
 若 真的 會 讓 這些 倒霉 的 人 換到 三樓 
 再 來 確認 好 嗎 
 
 工作 人員 是 無辜 的 
 畢竟 要 配合 無良 的 廠商 
 我們 當下 也 沒有 為難 他 
 而 廠商 連 做錯 要 彌補 還 能 這麼 瞧不起 人 
 確認 真的 有 問題 後 再 給 你 去 坐 有 問題 的 位子 
 噁心 
 
 回到 家 看 新聞 又 是 一 臉 假掰 的 不好意思 會 改善 
 上 個 月 說 會 改善 
 上 上 個 月 說 會 改善 
 都 已經 半 年 過去 了 
 都 沒 改善 
 
 有 啦 有 改 啦 
 改成 倒霉 的 人 三樓 不准 坐 
 去 坐 坐 牢位 或者 發配 邊疆 
 爛 透 了 

20240602 
 樓上 漏水 了 扣 一 顆 星 
 應該 說 是 又 漏水 了 
 勉強 看完 整 場 
 然後 原來 最 上 層 第五 樓 的 位置 不能 買 前 排 
 會 被 樓梯 擋住 視線 真的 笑死 
 怎麼 一 堆 設計 不良 啊 

20231206 
 三 顆 星 
 交通 真的 沒 話 說 假如 已經 買好 票 且 在 台北 市區 上班 的 人 可以 六點 下班 坐 捷運 過來 剛好 開賽 
 但 還是 有 很多 要 注意 和 待 改善 的 部分 
1 進場 後 的 迴廊 腹地 比 日本 的 巨蛋 都 來得 小 一萬多 人 可能 還好 但 到時 超過 兩萬 人 以上 的 入場數 應該 會 擁擠 滿 場 就 更 要 小心 了 絕對 塞爆 且 到時 若 迴廊 的 商家 都 開始 營業 排隊 買 食物 及 商品 的 人潮 絕對 會 影響 迴廊 的 走動 這 應該 無法 改善 了 只 能 進場 時 多 注意 
2 相較 日本 的 巨蛋 屬於 比較 窄 高 的 形式 現場 看 真的 比較 高聳 假如 日本 巨蛋 為 各 樓層 的 座位 比較 延伸 那 台北 巨蛋 就是 延伸 較少 而 分層 更多 更 高 於是 樓梯 就 很 重要 了 但 現場 看 的 狀況 是 樓梯 似乎 依舊 偏窄 人數 多 的 時候 走路 需要 小心 有 帶 老弱 婦孺 及 身障 的 朋友 必須 更加 更加 注意 
3 從 國父 紀念館 四號 出口 過來 連結 大 巨蛋 的 B2 通道 B2 連結 B1 售票 入場 口 的 區域 以及 B2 連結 B3 停車場 的 區域 這 幾 處 都 是 樓梯 較 窄 走動 需要 小心 入場 較為 分散 可能 還可以 但 人 多 時 比賽 結束 的 散場 絕對 會 很 塞 請 小心 走動 不然 就是 走 售票口 旁邊 的 樓梯 到 一樓 比較 安全 
4 售票口 很 小 不 知道 是 因為 臨時 比賽 才 是 如此 還是 之後 是否 會 在 別的 地方 售票 要 再 觀察 
5 售票口 旁邊 一樓 往 地下 一樓 售票 及 入場 之 空間 的 樓梯 偏 暗 且 下雨 時 下 樓梯 需要 更加 注意 畢竟 是 又 暗 又 濕 又 要 卡 旁邊 的 人 的 雨傘 帶 老弱婦孺 務必 要 小心 希望 之後 可以 改善 若 以後 該 階梯 處 可以 有 遮雨 的 部分 可以 讓 走 樓梯 的 人 不 需要 撐傘 及 加強 燈光 照明 的話 那 就 更 好 了 
6 進場 一萬 人 左右 球場 的 廁所 還 算 夠 用 而且 女廁 似乎 比 男廁 多 這 是 很 好 的 設計 但 滿 場 就 很 難說 了 
7 中外野 大 螢幕 夠 用 但 沒辦法 跟 日本 那些 巨蛋 的 螢幕 比 就是 能夠 有 基本 的 功能 沒有 辦法 有 更 好 的 視覺 感受 空間 上 應該 可以 改善 但 短期 內 應該 不會 去 增設 螢幕 了 吧 
8 兩 側 全壘打 標竿 旁 的 螢幕 偏 小 若是 播放 的 資訊 跟 中外野 一樣 的話 真的 會 太 小 了 應該 另外 設計 別的 資訊 來 播放 例如 投打 者 的 基本 成績 資訊 等等 
9 球場 的 安全 欄杆 及 網子 的 部分 欄杆 很 礙眼 有些 座位 欄杆 會 剛好 卡 本壘 真的 有礙 觀賞 希望 這 以後 可以 改善 
10 座位 很 好找 且 座位 大小 很 適中 飲料架 擺放 方便 不 卡 座位 設計 上 沒 什麼 問題 
11 垃圾桶 太 小 了 兩 局 不 到 就 滿出來 了 這 可能 會 讓 工作 人員 比較 辛苦 要 一直 更換 清潔 應用 超大型 垃圾桶 跟 美日 的 巨蛋 一樣 
 
 20240302 
 好像 還 真的 跟 當初 擔心 的 都 成真 了 但 這 改進得了 嗎"
裡面非常涼看比賽的體驗非常好食物價格和外面同價不會像遊樂園一樣特別貴,裡面 非常 涼 看 比賽 的 體驗 非常 好 食物 價格 和 外面 同 價 不會 像 遊樂園 一樣 特別 貴
有蛋看球就是舒服不用擔心日曬雨淋不過球場內的賣店還有加強空間跟日本比起來還是太陽春了,有 蛋 看 球 就是 舒服 不用 擔心 日曬 雨 淋 不過 球場 內 的 賣店 還 有 加強 空間 跟 日本 比起來 還是 太 陽春 了
第一次到台北大巨蛋看棒球比賽沒想到台北大巨蛋的面積如此的大而且其大螢幕看板也高掛好幾面可以讓全場的觀眾席很清楚的看見大螢幕所展現的現場資訊在大巨蛋這麼大的空間現場人員也是超過萬人但其冷氣空調卻非常完備讓每個人在大巨蛋內絲毫不會感受到悶熱而且是很舒爽空氣也很清新大巨蛋內的燈光也很充足館內除了比賽隊伍的賣場外也有很多的商店提供熟食及飲品大巨蛋內的座椅也很好坐位子夠大不會擁擠而且也非常乾淨現場的加油聲也比室外更加震撼場內的燈光也很充足目前入口處是較靠近忠孝東路上接近逸仙路口而大巨蛋內的停車場是城市車旅停車場每小時50元每消費滿500元可折抵1小時最高可折抵6小時很是方便價格也較便宜到台北大巨蛋的交通也很方便捷運在忠孝線的國父紀念館站基隆路上的市政府轉運站也很近總之在大巨蛋觀賞球賽真的很舒適涼爽不用擔心日曬風吹雨淋而且現場的音效也很清晰走道也很寬敞真的很值得來此體驗觀看比賽或演唱會臺北大巨蛋特推哦,第一 次 到 台北 大 巨蛋 看 棒球 比賽 沒想到 台北 大 巨蛋 的 面積 如此 的 大 而且 其 大 螢幕 看板 也 高掛 好幾 面 可以 讓 全 場 的 觀眾席 很 清楚 的 看見 大 螢幕 所 展現 的 現場 資訊 在 大 巨蛋 這麼 大 的 空間 現場 人員 也 是 超過 萬 人 但 其 冷氣 空調 卻 非常 完備 讓 每 個 人 在 大 巨蛋 內 絲毫 不會 感受到 悶熱 而且 是 很 舒爽 空氣 也 很 清新 大 巨蛋 內 的 燈光 也 很 充足 館 內 除了 比賽 隊伍 的 賣場 外 也 有 很多 的 商店 提供 熟食 及 飲品 大 巨蛋 內 的 座椅 也 很 好坐 位子 夠 大 不會 擁擠 而且 也 非常 乾淨 現場 的 加油聲 也 比 室 外 更加 震撼 場 內 的 燈光 也 很 充足 目前 入口處 是 較 靠近 忠孝東路 上 接近 逸仙路口 而 大 巨蛋 內 的 停車場 是 城市 車旅 停車場 每 小時 50 元 每 消費 滿 500 元 可 折抵 1 小時 最 高 可 折抵 6 小時 很 是 方便 價格 也 較 便宜 到 台北 大 巨蛋 的 交通 也 很 方便 捷運 在 忠孝線 的 國父 紀念館站 基隆路 上 的 市政府 轉運站 也 很 近 總之 在 大 巨蛋 觀賞 球賽 真的 很 舒適 涼爽 不用 擔心 日曬 風 吹 雨 淋 而且 現場 的 音效 也 很 清晰 走道 也 很 寬敞 真的 很 值得 來 此 體驗 觀看 比賽 或 演唱會 臺北 大 巨蛋 特推 哦
"台北看球沒冷氣真的不行

捷運站有連通道到大巨蛋

商店少因為沒有特定球隊經營氣氛沒有其他球隊主場來的熱鬧","台北 看 球 沒 冷氣 真的 不行 
 
 捷運站 有 連 通道 到 大巨蛋 
 
 商店 少 因為 沒有 特定 球隊 經營 氣氛 沒有 其他 球隊 主場 來 的 熱鬧"
"非常舒服的看球環境可以想見未來在夏天時爽爽吹著冷氣舒服看球枯燥的賽事打個囤也舒爽
後續又來看了幾次球今天4萬滿場周思齊引退五月天演唱滿滿感動沒有大巨蛋就沒有這一切","非常 舒服 的 看 球 環境 可以 想見 未來 在 夏天 時 爽爽 吹 著 冷氣 舒服 看 球 枯燥 的 賽事 打 個 囤 也 舒爽 
 後續 又 來 看 了 幾 次 球 今天 4萬 滿 場 周思齊 引退 五月天 演唱 滿滿 感動 沒有 大 巨蛋 就 沒有 這 一切"
我的大巨蛋初體驗就獻給727 GPOP流行音樂節比賽全程熱鬧非凡賽後的歌手演唱也很嗨渡過一個美好的夜晚,我 的 大 巨蛋 初 體驗 就 獻給 727  GPOP 流行 音樂節 比賽 全 程 熱鬧 非凡 賽 後 的 歌手 演唱 也 很 嗨 渡過 一 個 美好 的 夜晚
大巨蛋初體驗很棒室內的球場球場很棒有冷氣不怕熱也不怕下雨位置很多位置導引很清楚停車場車位很多球場的美食街樣式很多也好吃商店球隊產品也很好買今天剛好看龍象大戰坐在本壘後面看的很清楚票價也很便宜有看到喜歡的啦啦隊員李多慧下次還會在來看棒球比賽,大巨蛋 初 體驗 很 棒 室 內 的 球場 球場 很 棒 有 冷氣 不 怕 熱 也 不 怕 下雨 位置 很多 位置 導引 很 清楚 停車場 車位 很多 球場 的 美食街 樣式 很多 也 好吃 商店 球隊 產品 也 很 好 買 今天 剛好 看 龍象 大戰 坐 在 本壘 後面 看 的 很 清楚 票價 也 很 便宜 有 看到 喜歡 的 啦啦隊員 李多慧 下 次 還 會 在 來 看 棒球 比賽
今天來看棒球剛好是中秋節所以比賽結束之後有黃小琥演唱會整體環境舒適冷氣涼爽可惜所謂的演唱會只有燈光秀可能沒有專業的燈光師所以甚至沒有任何一刻有打光聚焦在演唱會主角黃小琥身上連她都問可以開燈嗎但是沒辦法所以整個演唱會是烏漆嘛黑的加上一些沒有特別意義的燈光閃爍秀可能這因為是附加免費的演唱會所以實在很陽春還好黃小琥的歌聲依舊彌補台鋼雄鷹被味全龍111 的缺憾,今天 來 看 棒球 剛好 是 中秋節 所以 比賽 結束 之後 有 黃小琥 演唱會 整體 環境 舒適 冷氣 涼爽 可惜 所謂 的 演唱會 只有 燈光秀 可能 沒有 專業 的 燈光師 所以 甚至 沒有 任何 一 刻 有 打光 聚焦 在 演唱會 主角 黃小琥 身 上 連 她 都 問 可以 開燈 嗎 但是 沒辦法 所以 整 個 演唱會 是 烏漆 嘛 黑 的 加上 一些 沒有 特別 意義 的 燈光 閃爍秀 可能 這 因為 是 附加 免費 的 演唱會 所以 實在 很 陽春 還好 黃小琥 的 歌聲 依舊 彌補 台鋼 雄鷹 被 味全龍 111  的 缺憾
"冷氣夠冷很舒適
攤商很多間 不用擔心沒東西吃
內野二樓500非常便宜划算
比賽氣氛很好 大家一起進場支持職棒","冷氣 夠 冷 很 舒適 
 攤商 很多 間   不用 擔心 沒 東西 吃 
 內野 二樓 500 非常 便宜 划算 
 比賽 氣氛 很 好   大家 一起 進場 支持 職棒"
第一次來這裡觀看棒球賽場地非常寬敞觀賽時有提供冷氣在天氣炎熱的時候非常友善洗手間數量也很充足沒有因為觀賽的人次多如廁時等待很久,第一 次 來 這裡 觀看 棒球賽 場地 非常 寬敞 觀賽 時 有 提供 冷氣 在 天氣 炎熱 的 時候 非常 友善 洗手間 數量 也 很 充足 沒有 因為 觀賽 的 人次 多 如廁 時 等待 很 久
期待已久的巨蛋吹冷氣看棒球果然很棒嚴格來說賣店前面的走道若能更寬敞一些會更好已經有大聯盟或是東京巨蛋的感覺了,期待 已 久 的 巨蛋 吹 冷氣 看 棒球 果然 很 棒 嚴格 來 說 賣 店 前面 的 走道 若 能 更 寬敞 一些 會 更 好 已經 有 大聯盟 或是 東京 巨蛋 的 感覺 了
服務人員大多很棒就是兼職的人員制服上希望可以區分在提醒客人口氣上差專職的很多已經站到封鎖線外還是不斷在要求他的管區所以不希望看到人潮出現建議要好好教育再來就是座位真的太擠座位前走道擠到人走過去都怕踩到腳室內的空調很棒舒服的看球體驗就是食物都冷冷地這是是大巨蛋致命傷,服務 人員 大多 很 棒 就 是 兼職 的 人員 制服 上 希望 可以 區分 在 提醒 客人 口氣 上 差 專職 的 很多 已經 站到 封鎖線 外 還是 不斷 在 要求 他 的 管區 所以 不 希望 看到 人潮 出現 建議 要 好好 教育 再來 就是 座位 真的 太 擠 座位 前 走道 擠到 人 走過去 都 怕 踩到 腳室 內 的 空調 很 棒 舒服 的 看 球 體驗 就 是 食物 都 冷冷 地 這 是 是 大 巨蛋 致命傷
"第一次來巨蛋就獻給兄弟了

環境蠻大也乾淨 空調冷氣也涼
巨蛋內有販售蠻多餐飲
還有肯德基和711
巨蛋外一樓也有很多餐廳
但Gate門太多
如果跟朋友碰面約在巨蛋會合
請記得約清楚是巨蛋出口還是國父紀念館出口
不過巨蛋周圍很多Staff
有問題都會協助指引
所以一路上很順利","第一 次 來 巨蛋 就 獻給 兄弟 了 
 
 環境 蠻 大 也 乾淨   空調 冷氣 也 涼 
 巨蛋 內 有 販售 蠻 多 餐飲 
 還 有 肯德基 和 711
 巨蛋 外 一樓 也 有 很多 餐廳 
 但 Gate 門 太多 
 如果 跟 朋友 碰面 約 在 巨蛋 會合 
 請 記得 約 清楚 是 巨蛋 出口 還是 國父 紀念館 出口 
 不過 巨蛋 周圍 很多 Staff
 有 問題 都 會 協助 指引 
 所以 一 路 上 很 順利"
中華隊超棒 環境讓球迷很享受 真的很榮幸 台灣有這樣的場地 謝謝,中華隊 超棒   環境 讓 球迷 很 享受   真的 很 榮幸   台灣 有 這樣 的 場地   謝謝
"台北俗的我終於有機會來大巨蛋看比賽啦
感謝朋友的邀約幫我搶了個好位置還可以讓我體驗到室內看棒球的爽感
雖然跟一般戶外的棒球場感覺很不一樣多了點氣質感但是還是一個不錯的體驗
而且交通很方便喔不論是自行驅車還是搭乘捷運都可以很快的到達
整體體驗我給五個","台北 俗 的 我 終於 有 機會 來 大巨蛋 看 比賽 啦 
 感謝 朋友 的 邀約 幫 我 搶 了 個 好 位置 還可以 讓 我 體驗到 室 內 看 棒球 的 爽感 
 雖然 跟 一般 戶外 的 棒球場 感覺 很 不 一樣 多 了 點 氣質感 但是 還是 一 個 不錯 的 體驗 
 而且 交通 很 方便 喔 不論 是 自行 驅車 還是 搭乘 捷運 都 可以 很 快 的 到達 
 整體 體驗 我 給 五 個"
喜歡乾淨能遮風避雨還有乾淨的美食最讓我驚喜的是洗手見很乾淨值得讚美,喜歡 乾淨 能 遮風 避雨 還 有 乾淨 的 美食 最 讓 我 驚喜 的 是 洗手見 很 乾淨 值得 讚美
跟台中洲際棒球場比的活商店選擇比較少可能剛開始沒多家廠商進駐尚未完全之後我想應該會更多家選擇其他例如不怕下雨中途停賽有冷氣設備坐椅很不錯置杯架在前方椅背旁比以往在扶手上好很多停車場規劃也不錯值得贊許,跟 台中 洲際 棒球場 比 的 活 商店 選擇 比較 少 可能 剛 開始 沒 多 家 廠商 進駐 尚未 完全 之後 我 想 應該 會 更多 家 選擇 其他 例如 不 怕 下雨 中途 停賽 有 冷氣 設備 坐椅 很 不錯 置杯架 在 前方 椅背 旁 比 以往 在 扶手 上 好 很多 停車場 規劃 也 不錯 值得 贊許
非常棒的體驗台北終於有一個看棒球不流汗的地方了,非常 棒 的 體驗 台北 終於 有 一 個 看 棒球 不 流汗 的 地方 了
"有國際水準的大巨蛋台灣
工作人員素質高
場地ㄧ級棒規劃區域和分層都有很好的視野

2024 0601 加上黃仁勳加持有效大巨蛋龍象大戰2萬9688人 刷新史上新高紀錄","有 國際 水準 的 大 巨蛋 台灣 
 工作 人員 素質 高 
 場地 ㄧ 級 棒 規劃 區域 和 分層 都 有 很 好 的 視野 
 
 2024  0601   加上 黃仁勳 加持 有效 大巨蛋 龍 象 大戰 2萬9688 人   刷新 史 上 新高 紀錄"
雖然還沒有進去大巨蛋但也不是第一次走過這裡光復南路旁的二排櫸木真的讓人感到心曠神怡,雖然 還 沒有 進去 大 巨蛋 但 也 不 是 第一 次 走過 這裡 光復南路 旁 的 二 排 櫸木 真的 讓 人 感到 心曠神怡
非常棒的場地視野開闊場地舒適動線寬敞廁所也很乾淨唯獨買內野第一排的座位置腳空間真的非常非常侷促,非常 棒 的 場地 視野 開闊 場地 舒適 動線 寬敞 廁所 也 很 乾淨 唯獨 買 內野 第一 排 的 座位 置腳 空間 真的 非常 非常 侷促
我認為這不是來看球的耳朵噪音污染很嚴重開場前喇叭的音樂超大聲會讓人無法以愉快的心情來看球心中就會讓人有暴怒的感覺不愉快的大巨蛋之旅,我 認為 這 不 是 來 看 球 的 耳朵 噪音 污染 很 嚴重 開場 前 喇叭 的 音樂 超大聲 會 讓 人 無法 以 愉快 的 心情 來 看 球 心 中 就 會 讓 人 有 暴怒 的 感覺 不 愉快 的 大 巨蛋 之 旅
"在這裡看比賽很棒 不用風吹雨淋
還有點溫暖 看比賽的體驗很棒
不過 上層只能從外面進入 感覺稍有小不便","在 這裡 看 比賽 很 棒   不用 風 吹 雨 淋 
 還 有點 溫暖   看 比賽 的 體驗 很 棒 
 不過   上 層 只 能 從 外面 進入   感覺 稍 有 小 不便"
在大巨蛋看球就是爽但是入口在B1感覺就很弱疏散一定很慢,在 大 巨蛋 看 球 就 是 爽 但是 入口 在 B1 感覺 就 很 弱 疏散 一定 很 慢
"夏天看棒球非常涼爽舒適場地也很棒
廁所很多

熟食部和紀念品部通常需要排隊","夏天 看 棒球 非常 涼爽 舒適 場地 也 很 棒 
 廁所 很多 
 
 熟食部 和 紀念品部 通常 需要 排隊"
身為棒球迷台灣終於有大巨蛋一定要來造訪一下體驗不畏下雨吹著冷氣在室內看球的舒適啊,身為 棒球迷 台灣 終於 有 大 巨蛋 一定 要 來 造訪 一下 體驗 不畏 下雨 吹 著 冷氣 在 室 內 看 球 的 舒適 啊
朝聖大巨蛋初體驗看球賽吹冷氣在捷運出口交通方便真是享受讚,朝聖 大 巨蛋 初 體驗 看 球賽 吹 冷氣 在 捷運 出口 交通 方便 真是 享受 讚
冷氣挺涼座位舒適但如果前面人太高會看不到球場人物只能看螢幕,冷氣 挺 涼 座位 舒適 但 如果 前面 人 太 高 會 看 不 到 球場 人物 只 能 看 螢幕
"我們台灣的第一顆蛋很棒
我有去過東京巨蛋比較起來在硬體設施上冷氣涼度都還有進步的空間","我們 台灣 的 第一 顆 蛋 很 棒 
 我 有 去 過 東京 巨蛋 比較起來 在 硬體 設施 上 冷氣 涼度 都 還 有 進步 的 空間"
"缺點螢幕真的太小了椅子中間的走道也太窄有人經過還是要從座位站起來讓路觀眾前後排椅子的斜度也不夠大只要前座的人稍微坐直一點就會擋住後排的視線身材比較矮小的女生可能會被擋住更多視線
優點廁所很多而且很乾淨販賣部的公共走道很寬敞飲料架在前座的後方真的很方便還有很冷的冷氣如果夏天到了可能這個冷氣會很舒服","缺點 螢幕 真的 太 小 了 椅子 中間 的 走道 也 太 窄 有 人 經過 還是 要 從 座位 站起來 讓路 觀眾 前後 排 椅子 的 斜度 也 不 夠 大 只要 前座 的 人 稍微 坐直 一點 就 會 擋住 後 排 的 視線 身材 比較 矮小 的 女生 可能 會 被 擋住 更多 視線 
 優點 廁所 很多 而且 很 乾淨 販賣部 的 公共 走道 很 寬敞 飲料 架 在 前座 的 後方 真的 很 方便 還 有 很 冷 的 冷氣 如果 夏天 到 了 可能 這 個 冷氣 會 很 舒服"
兩天免費參觀真的超級大的場地台灣辦活動又增添一個優質大巨蛋表演舞台,兩 天 免費 參觀 真的 超級 大 的 場地 台灣 辦 活動 又 增添 一 個 優質 大 巨蛋 表演 舞台
炎炎夏日來大巨蛋吹個空調看棒球真的很舒適觀看視野清楚六日賽後還有演唱會可看一票多值缺點就動線上有點亂餐飲能在多樣化更好,炎炎夏日 來 大 巨蛋 吹 個 空調 看 棒球 真的 很 舒適 觀看 視野 清楚 六 日 賽 後 還 有 演唱會 可 看 一 票 多 值 缺點 就 動線 上 有點 亂 餐飲 能 在 多樣化 更 好
"首次來大巨蛋看棒球
還有演唱會
實在是太幸運囉","首次 來 大 巨蛋 看 棒球 
 還 有 演唱會 
 實在 是 太 幸運 囉"
在炎炎夏日不用擔心刮大風或和下大雨能夠在巨大的冷氣房裡欣賞球賽以及演唱會真的是一大享受,在 炎炎夏日 不用 擔心 刮 大 風 或 和 下 大雨 能夠 在 巨大 的 冷氣房 裡 欣賞 球賽 以及 演唱會 真的 是 一 大 享受
"有冷氣但有蚊子喔
真的建議外帶食物進去裡面都要排隊很久
賽後的燈光效果真的很棒","有 冷氣 但 有 蚊子 喔 
 真的 建議 外帶 食物 進去 裡面 都 要 排隊 很 久 
 賽 後 的 燈光 效果 真的 很 棒"
很特別的建築適合下雨天來散步也可以通到國父紀念館也方便到松菸逛停車位超多但是標示有待加強很像迷宮,很 特別 的 建築 適合 下雨天 來 散步 也 可以 通到 國父 紀念館 也 方便 到 松菸 逛 停車位 超多 但是 標示 有待 加強 很 像 迷宮
台灣終於有巨蛋了曾經是棒球迷的四五年級生一生至少要去体驗一次,台灣 終於 有 巨蛋 了 曾經 是 棒球迷 的 四五年級生 一生 至少 要 去 体驗 一 次
夏天下班後散步到大巨蛋看場球賽非常享受有冷氣吹好不舒服,夏天 下班 後 散步 到 大 巨蛋 看 場 球賽 非常 享受 有 冷氣 吹 好 不 舒服
一進入大巨蛋的感覺就是爽動線佳指示明確空氣品質舒適深值大家的肯定與認同,一 進入 大 巨蛋 的 感覺 就 是 爽 動線 佳 指示 明確 空氣 品質 舒適 深 值 大家 的 肯定 與 認同
"心中一直醞釀今年找個機會去大巨蛋昨晚上有空閒終於去朝聖了因為我的外姪跟我說他和紅葉國小棒球隊有站在大巨蛋中央和日本職棒台灣職棒其實平常已經很少關注職棒了所以沒有特別的支持那一隊伍隨著同學的孩子還有家人的孩子有接觸棒球多多少少開始注意

但我兩邊都有挺喔先座中信兄弟再換座統一獅來感受球迷的熱情沒想到一來中信 VS 統一賽後兩隊單場 合計4支全壘打破紀錄

破大巨蛋球場單場最多全壘打紀錄也太幸運了吧我現場真的過贏太嗨了我看到4支全壘打 不是大巨蛋一開張很多人說大巨蛋很難打全壘打
拿來的難打

順便看我的姪兒的偶像到底離不厲害
最終中信vs統一11比5中信贏
台灣真的需要大巨蛋
台北大巨蛋初體驗成功","心 中 一直 醞釀 今年 找 個 機會 去 大巨蛋 昨晚上 有 空閒 終於 去 朝聖 了 因為 我 的 外姪 跟 我 說 他 和 紅葉 國小 棒球隊 有 站 在 大巨蛋 中央 和 日本 職棒 台灣 職棒 其實 平常 已經 很少 關注 職棒 了 所以 沒有 特別 的 支持 那 一 隊伍 隨著 同學 的 孩子 還 有 家人 的 孩子 有 接觸 棒球 多多少少 開始 注意 
 
 但 我 兩 邊 都 有 挺 喔 先 座 中信 兄弟 再 換 座 統一獅 來 感受 球迷 的 熱情 沒想到 一來 中信  VS  統一賽 後 兩 隊 單場   合計 4 支 全壘打 破 紀錄 
 
 破 大巨蛋 球場 單場 最多 全壘打 紀錄 也 太 幸運 了 吧 我 現場 真的 過 贏 太 嗨 了 我 看到 4 支 全壘打   不 是 大巨蛋 一 開張 很多 人 說 大巨蛋 很 難 打 全壘打
 拿來 的 難 打 
 
 順便 看 我 的 姪兒 的 偶像 到底 離 不 厲害 
 最終 中信 vs 統一 11 比 5 中信 贏 
 台灣 真的 需要 大 巨蛋 
 台北 大 巨蛋 初 體驗 成功"
看球賽可以吹冷氣真的很好但看到一半被漏水滴到真的誇張,看 球賽 可以 吹 冷氣 真的 很 好 但 看到 一半 被 漏水 滴到 真的 誇張
新建築整體蠻舒適的捷運國父紀念館可以直達很方便周邊很多餐廳,新 建築 整體 蠻 舒適 的 捷運 國父 紀念館 可以 直達 很 方便 周邊 很多 餐廳
"臺灣第一顆巨蛋 一定要來朝聖一下
很棒的觀賽體驗
從進場到離場全場空調很舒服
食品和商品部門如果選擇更多元會更棒","臺灣 第一 顆 巨蛋   一定 要 來 朝聖 一下 
 很 棒 的 觀賽 體驗 
 從 進場 到 離場 全 場 空調 很 舒服 
 食品 和 商品 部門 如果 選擇 更 多元 會 更 棒"
有冷氣就是讚期待商場全部營業和捷運連通道正常使用,有 冷氣 就 是 讚 期待 商場 全部 營業 和 捷運 連通道 正常 使用
"動線上的規劃建議可以在捷運站的出口就有明確的導覽牌例如內野區外野區往哪個方向走
場區的出入口相對較少進場時較不受影響但出場時就會明顯感受到擁擠
廁所維護得十分乾淨及整潔超棒也都一直有人再持續整理
坐在B1的視野很好但偏偏會被音響擋住重要的觀賽位置如本壘板等","動線 上 的 規劃 建議 可以 在 捷運站 的 出口 就 有 明確 的 導覽牌 例如 內野區 外野區 往 哪 個 方向 走 
 場區 的 出入口 相對 較少 進場 時 較 不 受 影響 但 出場 時 就 會 明顯 感受到 擁擠 
 廁所 維護 得 十分 乾淨 及 整潔 超棒 也 都 一直 有 人 再 持續 整理 
 坐 在 B1 的 視野 很 好 但 偏偏 會 被 音響 擋住 重要 的 觀賽 位置 如 本壘板 等"
來看中職明星賽場地真的很棒還有送贈品冷氣也很舒服有機會會再來的,來 看 中職 明星賽 場地 真的 很 棒 還 有 送 贈品 冷氣 也 很 舒服 有 機會 會 再 來 的
球場內欠缺附屬設施如商店餐飲球場本身很不錯上下樓電動手扶梯只有各一隻而且還是很小的單線道,球場 內 欠缺 附屬 設施 如 商店 餐飲 球場 本身 很 不錯 上下樓 電動 手扶梯 只 有 各 一 隻 而且 還 是 很 小 的 單線道
第一次到大巨蛋是參加國慶晚會忒有意義而且還有二姐喔,第一 次 到 大 巨蛋 是 參加 國慶 晚會 忒 有 意義 而且 還 有 二 姐 喔
目前已開放的只有大巨蛋四周1樓的餐廳其他應該是還沒有開放,目前 已 開放 的 只有 大 巨蛋 四周 1樓 的 餐廳 其他 應該 是 還 沒有 開放
6月夏天 在大巨蛋看球賽 有冷氣真的很舒服 座位和環境沒化說 食物販售都只在1F 不方便且種類太少,6月 夏天   在 大 巨蛋 看 球賽   有 冷氣 真的 很 舒服   座位 和 環境 沒 化 說   食物 販售 都 只 在 1F  不 方便 且 種類 太少
任何愛棒球的人一走進球場內絕對是驚呼加感動的台灣終於有了第一顆蛋無論是內野上層或下層的看球視野都超棒未來也希望有更多的商家進駐讓球迷們在這麼舒適的看球環境下也能享受到多元美食,任何 愛 棒球 的 人 一 走進 球場 內 絕對 是 驚呼 加 感動 的 台灣 終於 有 了 第一 顆 蛋 無論 是 內野 上 層 或 下 層 的 看 球 視野 都 超棒 未來 也 希望 有 更多 的 商家 進駐 讓 球迷 們 在 這麼 舒適 的 看 球 環境 下 也 能 享受到 多元 美食
第一次前往加上看支持超過30年的兄弟比賽超級無敵感動大巨蛋裡面空調夠看球很舒服,第一 次 前往 加上 看 支持 超過 30 年 的 兄弟 比賽 超級 無敵 感動 大 巨蛋 裡面 空調 夠 看 球 很 舒服
第一次來到大巨蛋無論是空間動線空調環境整潔都很好希望可以繼續保持讓大家擁有這麼好的場館,第一 次 來到 大 巨蛋 無論 是 空間 動線 空調 環境 整潔 都 很 好 希望 可以 繼續 保持 讓 大家 擁有 這麼 好 的 場館
"座位也太擠了吧
歐美身型好像坐到小學生椅子一樣
太虐了
為了多賣座位 是想錢想瘋了吧

吸菸區規劃也超廢
只有忠孝路邊一處
下雨沒遮雨棚就算了
地面還積水到腳踝

比賽是還蠻精彩的","座位 也 太 擠 了 吧 
 歐美 身型 好像 坐到 小學生 椅子 一樣 
 太 虐 了 
 為了 多 賣 座位   是 想 錢 想 瘋 了 吧 
 
 吸菸區 規劃 也 超 廢 
 只有 忠孝路 邊 一 處 
 下雨 沒 遮雨棚 就算 了 
 地面 還 積水 到 腳踝 
 
 比賽 是 還 蠻 精彩 的"
"從入場前就感覺到冷氣有多強大
615這個大熱天我坐在裡面居然能一滴汗都沒流
真的猛
大幅增加去看比賽的欲望","從 入場 前 就 感覺到 冷氣 有 多 強大 
 615 這 個 大 熱天 我 坐 在 裡面 居然 能 一 滴 汗 都 沒 流 
 真的 猛 
 大幅 增加 去 看 比賽 的 欲望"
"交通很便利
二樓視野很好
飲食部分還要多幾間商店
內野隱形護網要重新做啦 太影響觀看品質了","交通 很 便利 
 二樓 視野 很 好 
 飲食 部分 還要 多 幾 間 商店 
 內野 隱形 護網 要 重新 做 啦   太 影響 觀看 品質 了"
"非常棒的體驗
有冷氣可吹
不怕風吹雨曬","非常 棒 的 體驗 
 有 冷氣 可 吹 
 不 怕 風 吹 雨 曬"
交通方便冷氣很涼希望早點有球團進駐,交通 方便 冷氣 很 涼 希望 早點 有 球團 進駐
整體環境很舒服冷氣空調很足夠飲食方面選擇不多看球是很舒服的,整體 環境 很 舒服 冷氣 空調 很 足夠 飲食 方面 選擇 不 多 看 球 是 很 舒服 的
嶄新的場地舒適乾淨是很棒的球場搭乘大眾交通及開車前往停車都方便,嶄新 的 場地 舒適 乾淨 是 很 棒 的 球場 搭乘 大眾 交通 及 開車 前往 停車 都 方便
請遠雄及北市府莫忘初衷這是一顆為棒球而生的巨蛋32年前的台北市立棒球場全場吶喊著我們要巨蛋郝杯杯答應蓋給棒球迷的大巨蛋從一開始的設計就是不能開演唱會,請 遠雄 及 北市府 莫忘初衷 這 是 一 顆 為 棒球 而 生 的 巨蛋 32 年 前 的 台北 市立 棒球場 全 場 吶喊 著 我們 要 巨蛋 郝杯杯 答應 蓋給 棒球迷 的 大 巨蛋 從 一 開始 的 設計 就 是 不能 開 演唱會
世界級水準的大巨蛋可以容納4萬多人的觀眾內野共有五層看台外野有兩層看台相當舒適的看球環境,世界級 水準 的 大 巨蛋 可以 容納 4萬多 人 的 觀眾 內野 共有 五 層 看台 外野 有 兩 層 看台 相當 舒適 的 看 球 環境
我已經來過這裡三次了從視覺上看它非常壯觀而且非常巨大在室內觀看比賽而不用擔心悶熱或下雨真是太好了然而你可以看出這座體育場是多年前設計的內部大廳擠滿了人只有 15000 名觀眾對於 30000 名球迷來說簡直就是一場噩夢那裡的排隊有限且昂貴的優惠意味著除非你自己帶食物或之前吃過否則你會等待很長時間座位很好腿部空間可以更好但我對淺座位耙不感興趣不過往返穹頂的速度很快從最後的座位到登上地鐵不到 10 分鐘我的建議是選擇較高的幾排30 多歲及以上早點到達或提前吃飯,我 已經 來 過 這裡 三 次 了 從 視覺 上 看 它 非常 壯觀 而且 非常 巨大 在 室 內 觀看 比賽 而 不用 擔心 悶熱 或 下雨 真是 太 好 了 然而 你 可以 看出 這 座 體育場 是 多 年 前 設計 的 內部 大廳 擠滿 了 人 只有  15000  名 觀眾 對於  30000  名 球迷 來 說 簡直 就 是 一 場 噩夢 那裡 的 排隊 有限 且 昂貴 的 優惠 意味 著 除非 你 自己 帶 食物 或 之前 吃 過 否則 你 會 等待 很 長 時間 座位 很 好 腿部 空間 可以 更 好 但 我 對 淺座位 耙 不 感興趣 不過 往返 穹頂 的 速度 很 快 從 最後 的 座位 到 登上 地鐵 不 到  10  分鐘 我 的 建議 是 選擇 較 高 的 幾 排 30  多 歲 及 以上 早點 到達 或 提前 吃飯
純屬巧合我這個時候經過這個地方比賽結束後街上湧出了大批棒球觀眾在亞洲當你想到台灣時就會想到棒球 當你想到棒球時你會想到台灣無數粉絲用各種應援工具裝飾自己,純屬 巧合 我 這 個 時候 經過 這 個 地方 比賽 結束 後 街 上 湧出 了 大 批 棒球 觀眾 在 亞洲 當 你 想到 台灣 時 就 會 想到 棒球   當 你 想到 棒球 時 你 會 想到 台灣 無數 粉絲 用 各 種 應援 工具 裝飾 自己
"在附近逛街時偶然發現的忍不住四處看看

這是一個漂亮的圓頂體育場

下次有機會的話想去台灣看棒球比賽","在 附近 逛街 時 偶然 發現 的 忍不住 四處 看看 
 
 這 是 一 個 漂亮 的 圓頂 體育場 
 
 下 次 有 機會 的話 想 去 台灣 看 棒球 比賽"
設施不錯裡面有很多食物選擇 然而與戶外體育場的氣氛相比這裡還有一些賽前互動活動的空間有點陳舊 這裡沒有空間,設施 不錯 裡面 有 很多 食物 選擇   然而 與 戶外 體育場 的 氣氛 相比 這裡 還 有 一些 賽前 互動 活動 的 空間 有點 陳舊   這裡 沒有 空間
育嬰室浴室是儲藏室和清潔工的休息區無論看門女士在做什麼我們都得等 2 分鐘我們的女兒需要餵食和更換髒的嬰兒用品而且音樂是如此吵鬧感覺就像我們在酒吧一樣不是嬰兒托兒所餵食室的好地方,育嬰室 浴室 是 儲藏室 和 清潔工 的 休息區 無論 看門 女士 在 做 什麼 我們 都 得 等  2  分鐘 我們 的 女兒 需要 餵食 和 更換 髒 的 嬰兒 用品 而且 音樂 是 如此 吵鬧 感覺 就 像 我們 在 酒吧 一樣 不 是 嬰兒 托兒所 餵食 室 的 好 地方
"交通便利走出捷運出口就到了空調感覺很棒二樓的景色很壯麗幸運的是天花板沒有漏水哈哈

這裡絕對值得觀看棒球比賽","交通 便利 走出 捷運 出口 就 到 了 空調 感覺 很 棒 二樓 的 景色 很 壯麗 幸運 的 是 天花板 沒有 漏水 哈哈 
 
 這裡 絕對 值得 觀看 棒球 比賽"
台北巨蛋終於在 2024 年開業提供更好的棒球比賽體驗 然而他們仍然需要改進一些設備例如揚聲器和其他服務,台北 巨蛋 終於 在  2024 年 開業 提供 更 好 的 棒球 比賽 體驗   然而 他們 仍然 需要 改進 一些 設備 例如 揚聲器 和 其他 服務
毫無疑問是台灣最好的棒球場他們確實需要改進人群管理安全措施和標牌以提供盡可能最佳的遊戲體驗,毫無 疑問 是 台灣 最 好 的 棒球場 他們 確實 需要 改進 人群 管理 安全 措施 和 標牌 以 提供 盡可能 最佳 的 遊戲 體驗
"下次去台灣一定要去這個地方
這是一座現代化的圓頂體育場與東京巨蛋不同東京巨蛋建成時間已久有些破舊的感覺
東京巨蛋的坡度很陡座位間距是幾十年前的標準所以感覺很壓抑但台北巨蛋似乎對此沒有任何顧慮","下 次 去 台灣 一定 要 去 這 個 地方 
 這 是 一 座 現代化 的 圓頂 體育場 與 東京 巨蛋 不同 東京 巨蛋 建成 時間 已 久 有些 破舊 的 感覺 
 東京 巨蛋 的 坡度 很 陡 座位 間距 是 幾十 年 前 的 標準 所以 感覺 很 壓抑 但 台北 巨蛋 似乎 對 此 沒有 任何 顧慮"
所有座位都很舒適走到座位前面的廁所也比較順利假設東京巨蛋是普通的空間充足觀看比賽的輕鬆度就高很多,所有 座位 都 很 舒適 走到 座位 前面 的 廁所 也 比較 順利 假設 東京 巨蛋 是 普通 的 空間 充足 觀看 比賽 的 輕鬆度 就 高 很多
一名啦啦隊長正在進行簽名會可愛的,一 名 啦啦隊長 正在 進行 簽名會 可愛 的
我陪同捷克國家隊並拜訪了他們,我 陪同 捷克 國家隊 並 拜訪 了 他們
"非常新腹地也非常的大
也很多美食在附近周圍","非常 新 腹地 也 非常 的 大 
 也 很多 美食 在 附近 周圍"
"我是看了中信兄弟對魏千容的比賽才來的
比賽結束後他們還舉辦退休音樂會","我 是 看 了 中信 兄弟 對 魏千容 的 比賽 才 來 的 
 比賽 結束 後 他們 還 舉辦 退休 音樂會"
"又酷又好
如果韓國也有這樣的圓頂體育場就好了","又 酷 又 好 
 如果 韓國 也 有 這樣 的 圓頂 體育場 就 好 了"
有大巨蛋真好看球就是爽,有 大 巨蛋 真 好看 球 就是 爽
很棒的體育場室內有空調是炎熱夏天觀看球賽的好地方,很 棒 的 體育場 室 內 有 空調 是 炎熱 夏天 觀看 球賽 的 好 地方
"台北市新地標

拉脫維亞和台灣是外國政府傳播假訊息的最大目標Mechkova 等人2019 年VDem 年度民主報告2019 年 所有國家無論政權類型如何似乎都成為外國政府傳播假訊息的目標Lindberg Luhrmann 201934

最後我們也問外國政府及其代理人如何經常使用社群媒體傳播誤導性觀點或虛假資訊來影響這個國家的國內政治 只有三個國家符合最差類別的資格的目標依照這個指標在世界上排名第 13 位值得注意的是在最糟糕的 30 個國家中有 11 個是前蘇聯集團或成員國Mechkova 等人2019 年19

協調的資訊運作增加了社交媒體作為主要工具的使用率獨裁政權透過增強網路審查的數位能力來改善治理Mechkova 等人2019

資料來源
來自東亞的數位威脅的廣度和有效性不斷增加 2023 年
httpswwwmicrosoftcomenussecuritybusinesssecurityinsiderreportsnationstatereportsdigitalthreatsfromeastasiaincreaseinbreadthandeffectness

常見問題 ND 聯合國 httpswwwunovorgunovenfaqhtml

Lindberg SI 與 Luhrmann A編 2019 年民主面臨全球挑戰VDem 2019 年度民主報告

梅奇科娃等人 2019衡量網路政治介紹數位社會計畫 DSP httpdigitalsocietyprojectorgwpcontentuploads201905DSP_WP_01IntroducingtheDigitalSocietyProjectpdf

虛假訊息的策略 ND CISA
httpswwwcisagovsitesdefaultfilespublicationstropicsofdisinformation_508pdf

台灣接收境外假資訊嚴重程度為世界第一","台北市 新 地標 
 
 拉脫維亞 和 台灣 是 外國 政府 傳播 假 訊息 的 最 大 目標 Mechkova  等 人 2019 年 VDem  年度 民主 報告 2019 年   所有 國家 無論 政權 類型 如何 似乎 都 成為 外國 政府 傳播 假 訊息 的 目標 Lindberg  Luhrmann  201934 
 
 最後 我們 也 問 外國 政府 及 其 代理人 如何 經常 使用 社群 媒體 傳播 誤導性 觀點 或 虛假 資訊 來 影響 這 個 國家 的 國內 政治   只有 三 個 國家 符合 最 差 類別 的 資格 的 目標 依照 這 個 指標 在 世界 上 排名 第 13  位 值得 注意 的 是 在 最 糟糕 的  30  個 國家 中 有  11  個 是 前蘇聯 集團 或 成員國 Mechkova  等 人 2019 年 19

 協調 的 資訊 運作 增加 了 社交 媒體 作為 主要 工具 的 使用率 獨裁 政權 透過 增強 網路 審查 的 數位 能力 來 改善 治理 Mechkova  等 人 2019

 資料 來源 
 來自 東亞 的 數位 威脅 的 廣度 和 有效性 不斷 增加  2023  年 
httpswwwmicros of tcomenussecurity businesssecurity insiderreportsnationstatereportsdigital threatsfromeastasiaincreaseinbread thand effectness 

 常見 問題  ND  聯合國  ht tpswwwunovorgunovenfaqhtml 

Lindberg  SI  與  Luhrmann  A 編  2019  年 民主 面臨 全球 挑戰 VDem  2019 年度 民主 報告 

 梅奇科娃 等 人  2019 衡量 網路 政治 介紹 數位 社會 計畫  DSP  httpdigitalsociety projectorgwpcontentuploads 201905 DSP_WP_01 Introducing the Digital Society Projectpdf

 虛假 訊息 的 策略  ND CISA 
httpswwwcisagovsitesdefaultfilespublicationstropics of disinformation_508pdf

 台灣 接收 境 外 假 資訊 嚴重 程度 為 世界 第一"
很好,很 好
很大很有感染力,很 大 很 有 感染力
看棒球再也不用怕下雨,看 棒球 再 也 不用 怕 下雨
亞洲最好的圓頂體育場而且是一個可以與美國職棒大聯盟的圓頂體育場相媲美的偉大的圓頂體育場,亞洲 最 好 的 圓頂 體育場 而且 是 一 個 可以 與 美國 職棒 大聯盟 的 圓頂 體育場 相 媲美 的 偉大 的 圓頂 體育場
來觀賞富邦衛士隊的棒球比賽其設施相當便利遊戲氣氛也很有趣推薦來玩遊戲,來 觀賞 富邦 衛士隊 的 棒球 比賽 其 設施 相當 便利 遊戲 氣氛 也 很 有趣 推薦 來 玩 遊戲
這是一個很棒的觀看棒球的地方有一天每個人都必須來,這 是 一 個 很 棒 的 觀看 棒球 的 地方 有 一 天 每 個 人 都 必須 來
超大 我第一次去 期待明年再去,超大   我 第一 次 去   期待 明年 再 去
舒服,舒服
下雨天要淋雨搭手扶梯,下雨天 要 淋雨 搭 手扶梯
令人驚嘆的位置在這裡觀看了一場籃球比賽整個過程輕鬆快捷沒有擁擠的感覺,令 人 驚嘆 的 位置 在 這裡 觀看 了 一 場 籃球 比賽 整 個 過程 輕鬆 快捷 沒有 擁擠 的 感覺
很棒的看球感受,很 棒 的 看 球 感受
棒球比賽很有趣而且有很多不錯的選擇,棒球 比賽 很 有趣 而且 有 很多 不錯 的 選擇
與那些尚未開業的商店相比幾乎完美,與 那些 尚未 開業 的 商店 相比 幾乎 完美
很享受,很 享受
很舒服的看棒球,很 舒服 的 看 棒球
台灣第一巨蛋相當神奇的地方,台灣 第一 巨蛋 相當 神奇 的 地方
很棒,很 棒
"我是在與讀賣巨人隊的一場友誼賽中了解到這一點的
這是一個漂亮的棒球場","我 是 在 與 讀賣 巨人隊 的 一 場 友誼賽 中 了解到 這 一 點 的 
 這 是 一 個 漂亮 的 棒球場"
有些地方在整修,有 些 地方 在 整修
"有一場棒球比賽
非常感謝","有 一 場 棒球 比賽 
 非常 感謝"
"當天沒有售票處
除非去附近的711否則買不到","當天 沒有 售票處 
 除非 去 附近 的 711 否則 買 不 到"
這個地方還沒有完工還沒有被使用過,這 個 地方 還 沒有 完工 還 沒有 被 使用 過
超棒的,超棒 的
很大,很 大
好,好
震撼,震撼
真的超大的,真的 超大 的
看球很舒服,看 球 很 舒服
很大上班地方哈哈,很 大 上班 地方 哈哈
台灣最好的棒球場,台灣 最 好 的 棒球場
舒服看球好地方,舒服 看 球 好 地方
這是一個漂亮的圓頂當整個區域都完成裝飾等後它會更好,這 是 一 個 漂亮 的 圓頂 當 整 個 區域 都 完成 裝飾 等 後 它 會 更 好
看球的好地方外野不用淋雨了,看 球 的 好 地方 外野 不用 淋雨 了
這裡很大好的,這裡 很 大好 的
看球太舒服,看 球 太 舒服
看棒球很舒服,看 棒球 很 舒服
好看,好看
看棒球好地方,看 棒球 好 地方
新的就是香,新 的 就 是 香
快完工了期待,快 完工 了 期待
完工時間已經推遲了很多但看起來今年終於開業了所以我很期待,完工 時間 已經 推遲 了 很多 但 看起來 今年 終於 開業 了 所以 我 很 期待
臭蛋快煮好了,臭蛋 快 煮好 了
很冷,很 冷
它還沒有完成,它 還 沒有 完成
這是你去台灣一定要去看看的圓頂球場,這 是 你 去 台灣 一定 要 去 看看 的 圓頂 球場
非常大很震撼,非常 大 很 震撼
好ㄔ,好 ㄔ
大 只有大liked,大  只 有 大 liked
最愚蠢的定向設計,最 愚蠢 的 定向 設計
太棒了,太 棒 了
很棒,很 棒
牛肉好吃,牛肉 好吃
"看球就是要在巨蛋 
超棒 台北大巨蛋","看 球 就 是 要 在 巨蛋   
 超棒   台北 大 巨蛋"
享受,享受
星胡同,星胡同
古好,古 好
"非常大
非常冷","非常 大 
 非常 冷"
超屌,超 屌
沒有安全檢查災難肯定會發生,沒有 安全 檢查 災難 肯定 會 發生
我台大蛋蛋,我 台大 蛋蛋
超棒看球的一大享受,超棒 看 球 的 一 大 享受
很棒大巨蛋,很 棒 大 巨蛋
德政,德政
垃圾桶很難找到,垃圾桶 很 難 找到
看棒球的好地方,看 棒球 的 好 地方
逛逛,逛逛
這就是購物中心需要的樣子為孩子提供充足的創意參與空間,這 就 是 購物 中心 需要 的 樣子 為 孩子 提供 充足 的 創意 參與 空間
有大巨蛋真好,有 大 巨蛋 真 好
台北第一巨蛋,台北 第一 巨蛋
交通方便,交通 方便
令人驚嘆的體育場,令 人 驚嘆 的 體育場
爽爽喝,爽爽 喝
很舒服,很 舒服
交通很便利,交通 很 便利
漂亮,漂亮
可,可
我的話就是台北巨蛋,我 的 話 就 是 台北 巨蛋
大巨蛋加油台北市加油,大 巨蛋 加油 台北市 加油
明明就很漂亮ww,明明 就 很 漂亮 ww
泫雅,泫雅
漏蛋,漏 蛋
日台友好,日 台 友好
漏水漏水漏水,漏水 漏水 漏水
超大,超大
尚未完工期待,尚未 完工 期待
很舒適的環節,很 舒適 的 環節
施工中,施工 中
舒服,舒服
下小雨,下 小 雨
近 超大,近   超 大
還沒完,還 沒完
非常棒,非常 棒
非常好,非常 好
真的酷,真的 酷
非常棒,非常 棒
好地方,好 地方
非常好,非常 好
太久了吧,太 久 了 吧
可惜,可惜
真的巨,真的 巨
"這很棒

空調太熱建議至少帶件風衣和長衣","這 很 棒 
 
 空調 太 熱 建議 至少 帶 件 風衣 和 長衣"
建造得非常好的一個圓頂體育場,建造 得 非常 好 的 一 個 圓頂 體育場
房間非常大空調也很棒非常棒雖然我們輸了比賽這很煩人但設施很好不過每一排之間的身高相差不大所以前面的人如果很高的話就會很遮擋視線 而且裡面不賣啤酒所以有點煩人蓋章然後去外面買考慮到棒球場的成本餐廳非常便宜內容,房間 非常 大 空調 也 很 棒 非常 棒 雖然 我們 輸 了 比賽 這 很 煩人 但 設施 很 好 不過 每 一 排 之間 的 身高 相差 不 大 所以 前面 的 人 如果 很 高 的話 就 會 很 遮擋 視線   而且 裡面 不 賣 啤酒 所以 有點 煩人 蓋章 然後 去 外面 買 考慮到 棒球場 的 成本 餐廳 非常 便宜 內容
我來觀看超級聯賽12日韓日比賽驚訝地發現球場有多棒,我 來 觀看 超級 聯賽 12日 韓日 比賽 驚訝 地 發現 球場 有 多 棒
